Date,MWh,Min_temp,Max_temp,Avg_temp
2020-01-01,395316,2.1,4.2,3.1500000000000004
2020-01-02,416985,2.3,8.8,5.550000000000001
2020-01-03,411481,6.3,9.2,7.75
2020-01-04,389879,7.5,9.9,8.7
2020-01-05,396540,2.5,5.0,3.75
2020-01-06,432354,2.6,7.5,5.05
2020-01-07,432730,2.4,5.9,4.15
2020-01-08,441775,0.8,4.9,2.85
2020-01-09,457121,-2.3,0.4,-0.95
2020-01-10,430162,4.8,11.0,7.9
2020-01-11,374525,13.6,18.2,15.899999999999999
2020-01-12,366821,14.6,18.6,16.6
2020-01-13,419733,4.7,8.7,6.699999999999999
2020-01-14,418257,4.0,6.6,5.3
2020-01-15,408105,5.5,9.2,7.35
2020-01-16,424414,5.5,8.5,7.0
2020-01-17,457882,-3.3,0.6,-1.3499999999999999
2020-01-18,449093,-3.3,2.3,-0.5
2020-01-19,412874,2.6,6.9,4.75
2020-01-20,455573,-4.1,-1.0,-2.55
2020-01-21,466474,-3.7,1.0,-1.35
2020-01-22,450860,-2.4,2.8,0.19999999999999996
2020-01-23,439472,-0.2,6.8,3.3
2020-01-24,419874,2.7,9.4,6.050000000000001
2020-01-25,402991,4.9,9.5,7.2
2020-01-26,389926,3.8,7.7,5.75
2020-01-27,423957,3.1,7.1,5.1
2020-01-28,427454,2.8,5.3,4.05
2020-01-29,432528,0.5,4.2,2.35
2020-01-30,443703,-2.1,1.1,-0.5
2020-01-31,434227,2.0,6.2,4.1
2020-02-01,402350,2.4,5.4,3.9000000000000004
2020-02-02,394120,2.6,6.0,4.3
2020-02-03,410942,5.6,12.3,8.95
2020-02-04,415349,6.9,13.0,9.95
2020-02-05,420674,4.8,8.9,6.85
2020-02-06,433669,4.1,6.4,5.25
2020-02-07,431139,4.8,13.8,9.3
2020-02-08,415093,0.7,4.7,2.7
2020-02-09,407441,1.2,6.4,3.8000000000000003
2020-02-10,425057,5.3,8.7,7.0
2020-02-11,419608,6.0,7.4,6.7
2020-02-12,415697,4.2,7.1,5.65
2020-02-13,428721,4.1,6.4,5.25
2020-02-14,441719,-1.3,2.8,0.7499999999999999
2020-02-15,436670,-5.7,-1.8,-3.75
2020-02-16,402422,1.4,7.5,4.45
2020-02-17,406172,3.5,9.6,6.55
2020-02-18,428817,4.3,9.1,6.699999999999999
2020-02-19,416059,4.7,7.9,6.300000000000001
2020-02-20,438932,-0.5,3.1,1.3
2020-02-21,440743,-2.9,1.6,-0.6499999999999999
2020-02-22,397737,1.5,8.7,5.1
2020-02-23,376711,4.0,11.7,7.85
2020-02-24,396988,5.2,12.7,8.95
2020-02-25,403968,7.2,9.9,8.55
2020-02-26,410856,7.1,10.1,8.6
2020-02-27,422754,4.2,8.4,6.300000000000001
2020-02-28,434930,0.4,4.8,2.6
2020-02-29,414052,-1.3,2.4,0.5499999999999999
2020-03-01,397138,-0.2,6.7,3.25
2020-03-02,404208,6.2,13.4,9.8
2020-03-03,391910,9.3,13.4,11.350000000000001
2020-03-04,393351,8.5,13.0,10.75
2020-03-05,393813,5.2,10.4,7.800000000000001
2020-03-06,408751,3.9,7.0,5.45
2020-03-07,380774,3.7,8.1,5.9
2020-03-08,350689,5.3,13.7,9.5
2020-03-09,376289,11.1,20.0,15.55
2020-03-10,382426,12.3,15.7,14.0
2020-03-11,384731,8.2,12.4,10.3
2020-03-12,394063,5.7,8.8,7.25
2020-03-13,384709,12.4,19.5,15.95
2020-03-14,362292,8.1,12.3,10.2
2020-03-15,353826,6.7,11.1,8.9
2020-03-16,391246,2.7,6.5,4.6
2020-03-17,394858,6.8,12.0,9.4
2020-03-18,376854,6.1,9.9,8.0
2020-03-19,380107,8.1,12.4,10.25
2020-03-20,367884,14.5,23.5,19.0
2020-03-21,343949,8.3,17.0,12.65
2020-03-22,352376,2.4,5.8,4.1
2020-03-23,395706,2.7,5.2,3.95
2020-03-24,371179,6.3,13.9,10.1
2020-03-25,374212,5.1,7.7,6.4
2020-03-26,355344,6.5,13.7,10.1
2020-03-27,339755,11.9,18.0,14.95
2020-03-28,347609,7.7,9.8,8.75
2020-03-29,344658,8.5,11.6,10.05
2020-03-30,361216,7.5,11.7,9.6
2020-03-31,361358,5.8,8.3,7.050000000000001
2020-04-01,349971,6.8,12.4,9.6
2020-04-02,351628,8.1,13.4,10.75
2020-04-03,358318,8.1,10.1,9.1
2020-04-04,328054,9.4,14.3,11.850000000000001
2020-04-05,321898,10.0,15.8,12.9
2020-04-06,333526,11.7,17.3,14.5
2020-04-07,331020,11.4,17.0,14.2
2020-04-08,338419,12.8,18.8,15.8
2020-04-09,352504,9.8,16.3,13.05
2020-04-10,357981,6.2,9.1,7.65
2020-04-11,333834,6.7,11.1,8.9
2020-04-12,324822,9.4,15.3,12.350000000000001
2020-04-13,348042,14.7,18.6,16.65
2020-04-14,340531,10.1,13.3,11.7
2020-04-15,345929,7.3,10.8,9.05
2020-04-16,353853,6.1,8.8,7.45
2020-04-17,356150,4.8,10.2,7.5
2020-04-18,345884,6.2,8.6,7.4
2020-04-19,325658,8.6,15.4,12.0
2020-04-20,339649,9.1,11.8,10.45
2020-04-21,358177,8.8,15.4,12.100000000000001
2020-04-22,359643,4.9,9.4,7.15
2020-04-23,361849,5.3,9.7,7.5
2020-04-24,358646,7.1,8.9,8.0
2020-04-25,317807,9.2,16.5,12.85
2020-04-26,335571,7.8,9.4,8.6
2020-04-27,356112,6.1,8.1,7.1
2020-04-28,337534,9.3,17.5,13.4
2020-04-29,345988,8.7,13.5,11.1
2020-04-30,350924,12.6,15.3,13.95
2020-05-01,339664,13.9,18.4,16.15
2020-05-02,310851,15.1,21.4,18.25
2020-05-03,308151,17.5,24.5,21.0
2020-05-04,337291,15.0,20.0,17.5
2020-05-05,332300,10.5,14.9,12.7
2020-05-06,344727,8.6,11.5,10.05
2020-05-07,335328,11.5,16.9,14.2
2020-05-08,346524,8.5,10.8,9.65
2020-05-09,344123,4.6,8.0,6.3
2020-05-10,322396,9.3,15.9,12.600000000000001
2020-05-11,349356,10.2,14.9,12.55
2020-05-12,346632,9.2,14.7,11.95
2020-05-13,339307,9.3,15.7,12.5
2020-05-14,337978,11.4,16.2,13.8
2020-05-15,349492,20.2,27.6,23.9
2020-05-16,329775,19.1,23.3,21.200000000000003
2020-05-17,314957,13.3,16.4,14.85
2020-05-18,338796,14.7,20.2,17.45
2020-05-19,332387,14.0,18.2,16.1
2020-05-20,331513,12.2,17.1,14.65
2020-05-21,332967,11.3,15.9,13.600000000000001
2020-05-22,347239,16.3,22.0,19.15
2020-05-23,342404,16.1,20.2,18.15
2020-05-24,321627,13.8,18.7,16.25
2020-05-25,339453,15.2,19.8,17.5
2020-05-26,392903,16.7,21.7,19.2
2020-05-27,409021,17.4,22.1,19.75
2020-05-28,406851,18.8,22.8,20.8
2020-05-29,415414,22.1,25.7,23.9
2020-05-30,368260,22.2,26.0,24.1
2020-05-31,325062,16.3,20.4,18.35
2020-06-01,342877,14.7,19.5,17.1
2020-06-02,354817,17.4,21.5,19.45
2020-06-03,387358,21.2,28.7,24.95
2020-06-04,421995,22.7,29.0,25.85
2020-06-05,437673,21.6,24.1,22.85
2020-06-06,422362,24.1,29.3,26.700000000000003
2020-06-07,356636,19.8,24.5,22.15
2020-06-08,383467,19.2,25.3,22.25
2020-06-09,435300,22.8,30.3,26.55
2020-06-10,479478,22.9,26.8,24.85
2020-06-11,459278,23.9,28.3,26.1
2020-06-12,428356,23.5,28.4,25.95
2020-06-13,357046,18.8,22.7,20.75
2020-06-14,337827,16.6,22.0,19.3
2020-06-15,373907,17.8,22.6,20.200000000000003
2020-06-16,386066,18.5,24.1,21.3
2020-06-17,405260,18.8,24.5,21.65
2020-06-18,437800,19.8,23.4,21.6
2020-06-19,459477,21.3,24.8,23.05
2020-06-20,454682,22.7,27.0,24.85
2020-06-21,467528,23.4,27.5,25.45
2020-06-22,529362,25.2,30.4,27.799999999999997
2020-06-23,528120,24.2,27.7,25.95
2020-06-24,493863,25.5,30.0,27.75
2020-06-25,464667,23.4,28.5,25.95
2020-06-26,471196,24.1,30.2,27.15
2020-06-27,435377,23.1,26.4,24.75
2020-06-28,460176,24.1,28.7,26.4
2020-06-29,491415,24.1,29.0,26.55
2020-06-30,462231,22.1,25.4,23.75
2020-07-01,466835,22.5,26.5,24.5
2020-07-02,504550,25.2,31.7,28.45
2020-07-03,506370,26.2,31.5,28.85
2020-07-04,460584,23.6,28.8,26.200000000000003
2020-07-05,481033,25.9,32.4,29.15
2020-07-06,534612,26.0,32.6,29.3
2020-07-07,518063,23.9,26.6,25.25
2020-07-08,546111,25.0,28.1,26.55
2020-07-09,568242,25.3,29.6,27.450000000000003
2020-07-10,538624,23.2,24.3,23.75
2020-07-11,505563,24.8,28.2,26.5
2020-07-12,490645,25.7,30.9,28.299999999999997
2020-07-13,522728,25.7,31.1,28.4
2020-07-14,507747,24.4,28.1,26.25
2020-07-15,500716,22.9,25.2,24.049999999999997
2020-07-16,477647,21.9,24.0,22.95
2020-07-17,487883,24.0,29.2,26.6
2020-07-18,510991,26.1,32.6,29.35
2020-07-19,547632,27.4,33.7,30.55
2020-07-20,607949,29.7,35.7,32.7
2020-07-21,569133,26.7,31.7,29.2
2020-07-22,573146,27.3,31.7,29.5
2020-07-23,563358,25.8,31.0,28.4
2020-07-24,524058,24.0,25.8,24.9
2020-07-25,515492,25.5,29.8,27.65
2020-07-26,542869,28.0,34.1,31.05
2020-07-27,606105,28.8,35.4,32.1
2020-07-28,610363,28.9,34.1,31.5
2020-07-29,569606,27.0,31.2,29.1
2020-07-30,564827,27.7,32.4,30.049999999999997
2020-07-31,515962,24.4,27.0,25.7
2020-08-01,502101,25.1,29.4,27.25
2020-08-02,532933,26.2,28.9,27.549999999999997
2020-08-03,564260,27.0,31.5,29.25
2020-08-04,490292,24.4,26.6,25.5
2020-08-05,476606,25.6,30.6,28.1
2020-08-06,459526,22.1,25.3,23.700000000000003
2020-08-07,458152,23.6,27.1,25.35
2020-08-08,459416,23.3,26.3,24.8
2020-08-09,485315,24.8,29.0,26.9
2020-08-10,577610,26.6,31.3,28.950000000000003
2020-08-11,586464,26.5,29.1,27.8
2020-08-12,569205,26.7,30.6,28.65
2020-08-13,526121,24.3,25.5,24.9
2020-08-14,524632,25.4,29.5,27.45
2020-08-15,466205,23.6,28.7,26.15
2020-08-16,420784,20.1,21.6,20.85
2020-08-17,452051,20.8,25.8,23.3
2020-08-18,459762,23.2,28.2,25.7
2020-08-19,437148,21.0,23.7,22.35
2020-08-20,430165,20.9,25.6,23.25
2020-08-21,469932,23.2,28.5,25.85
2020-08-22,488545,25.0,29.8,27.4
2020-08-23,494350,24.3,28.2,26.25
2020-08-24,560478,25.8,31.6,28.700000000000003
2020-08-25,544676,26.4,32.9,29.65
2020-08-26,445425,22.3,25.9,24.1
2020-08-27,492221,25.0,33.3,29.15
2020-08-28,488871,24.4,31.4,27.9
2020-08-29,467998,23.7,25.4,24.549999999999997
2020-08-30,406151,21.5,25.5,23.5
2020-08-31,419440,19.8,23.1,21.450000000000003
2020-09-01,450704,21.9,24.8,23.35
2020-09-02,479008,22.7,24.9,23.799999999999997
2020-09-03,488441,24.7,29.4,27.049999999999997
2020-09-04,474323,24.0,28.6,26.3
2020-09-05,397321,20.8,25.5,23.15
2020-09-06,395508,21.3,26.4,23.85
2020-09-07,416752,21.1,24.8,22.950000000000003
2020-09-08,472367,21.7,26.8,24.25
2020-09-09,479793,22.3,26.3,24.3
2020-09-10,498260,23.9,27.0,25.45
2020-09-11,442151,21.8,24.4,23.1
2020-09-12,368403,18.0,20.9,19.45
2020-09-13,381824,20.0,22.9,21.45
2020-09-14,409808,20.7,24.7,22.7
2020-09-15,368274,15.0,18.8,16.9
2020-09-16,374388,17.0,22.0,19.5
2020-09-17,396564,19.1,22.1,20.6
2020-09-18,377325,17.1,19.7,18.4
2020-09-19,330142,12.9,16.8,14.850000000000001
2020-09-20,326551,12.6,16.5,14.55
2020-09-21,359453,12.8,18.2,15.5
2020-09-22,362793,14.7,22.0,18.35
2020-09-23,378242,18.4,25.9,22.15
2020-09-24,388222,18.5,24.4,21.45
2020-09-25,395374,18.4,24.6,21.5
2020-09-26,374133,18.8,22.5,20.65
2020-09-27,394631,20.9,25.1,23.0
2020-09-28,435307,21.2,23.7,22.45
2020-09-29,422852,20.6,23.5,22.05
2020-09-30,390493,18.8,21.1,19.950000000000003
2020-10-01,377009,17.7,21.9,19.799999999999997
2020-10-02,369260,15.0,18.1,16.55
2020-10-03,338230,13.6,18.4,16.0
2020-10-04,337140,14.0,18.5,16.25
2020-10-05,369120,15.0,19.5,17.25
2020-10-06,369584,16.1,19.9,18.0
2020-10-07,373802,17.8,24.2,21.0
2020-10-08,360432,14.2,17.6,15.9
2020-10-09,360226,14.1,19.3,16.7
2020-10-10,346165,18.1,23.6,20.85
2020-10-11,337765,17.2,19.1,18.15
2020-10-12,366810,12.3,14.5,13.4
2020-10-13,372711,13.8,15.0,14.4
2020-10-14,364062,14.3,20.3,17.3
2020-10-15,371138,16.2,22.0,19.1
2020-10-16,376725,13.8,17.1,15.450000000000001
2020-10-17,341083,10.7,15.1,12.899999999999999
2020-10-18,340508,12.0,16.7,14.35
2020-10-19,371610,14.2,17.6,15.9
2020-10-20,378932,16.4,21.3,18.85
2020-10-21,380997,16.6,19.7,18.15
2020-10-22,384146,18.1,20.8,19.450000000000003
2020-10-23,380120,17.4,19.9,18.65
2020-10-24,351243,16.3,21.0,18.65
2020-10-25,343680,9.1,10.7,9.899999999999999
2020-10-26,382988,13.5,16.5,15.0
2020-10-27,378156,13.8,15.3,14.55
2020-10-28,382536,13.0,16.2,14.6
2020-10-29,390508,10.7,12.3,11.5
2020-10-30,397989,5.3,8.2,6.75
2020-10-31,368979,4.0,6.9,5.45
2020-11-01,383759,9.2,13.7,11.45
2020-11-02,404530,4.7,6.4,5.550000000000001
2020-11-03,398826,7.7,12.1,9.9
2020-11-04,385107,9.4,16.5,12.95
2020-11-05,374554,12.0,18.7,15.35
2020-11-06,367269,13.6,20.2,16.9
2020-11-07,341890,14.1,21.6,17.85
2020-11-08,336662,13.4,21.5,17.45
2020-11-09,368160,13.2,21.4,17.299999999999997
2020-11-10,372050,15.4,21.6,18.5
2020-11-11,378257,17.7,21.7,19.7
2020-11-12,381135,13.1,18.3,15.7
2020-11-13,386797,8.7,11.0,9.85
2020-11-14,359465,7.3,11.1,9.2
2020-11-15,360657,9.6,17.2,13.399999999999999
2020-11-16,383362,8.6,11.2,9.899999999999999
2020-11-17,401069,5.0,8.5,6.75
2020-11-18,417364,0.5,1.9,1.2
2020-11-19,407893,2.4,7.1,4.75
2020-11-20,377500,9.1,14.6,11.85
2020-11-21,354913,10.8,15.5,13.15
2020-11-22,368526,8.0,12.5,10.25
2020-11-23,390956,10.1,13.8,11.95
2020-11-24,396220,5.2,8.3,6.75
2020-11-25,392693,7.7,11.6,9.65
2020-11-26,354877,12.7,17.0,14.85
2020-11-27,353285,10.3,15.8,13.05
2020-11-28,356781,8.4,12.9,10.65
2020-11-29,357775,5.8,10.8,8.3
2020-11-30,397672,12.0,16.4,14.2
2020-12-01,391636,9.2,14.5,11.85
2020-12-02,413585,3.7,6.8,5.25
2020-12-03,405187,4.4,9.6,7.0
2020-12-04,400374,7.0,11.3,9.15
2020-12-05,388790,5.7,6.8,6.25
2020-12-06,393226,2.2,3.7,2.95
2020-12-07,427538,0.7,4.1,2.4
2020-12-08,439286,0.2,3.4,1.8
2020-12-09,437546,0.7,3.9,2.3
2020-12-10,417418,4.0,9.2,6.6
2020-12-11,405539,4.4,11.0,7.7
2020-12-12,384119,7.7,12.5,10.1
2020-12-13,370036,9.6,14.6,12.1
2020-12-14,421772,3.1,4.4,3.75
2020-12-15,433832,0.6,3.6,2.1
2020-12-16,462739,-2.0,0.5,-0.75
2020-12-17,456506,-2.6,0.4,-1.1
2020-12-18,459992,-5.0,-1.9,-3.45
2020-12-19,440992,-6.4,-1.8,-4.1000000000000005
2020-12-20,421354,-1.3,3.1,0.9
2020-12-21,429495,0.9,3.1,2.0
2020-12-22,425866,1.9,5.5,3.7
2020-12-23,423610,1.1,3.1,2.1
2020-12-24,395338,10.2,14.3,12.25
2020-12-25,374831,9.0,14.5,11.75
2020-12-26,414776,-2.9,-0.3,-1.5999999999999999
2020-12-27,409582,-1.7,2.6,0.45000000000000007
2020-12-28,418723,4.2,9.3,6.75
2020-12-29,425497,1.1,3.5,2.3
2020-12-30,431655,0.2,3.8,2.0
2020-12-31,409804,5.7,8.4,7.050000000000001
2021-01-01,394458,0.8,3.5,2.15
2021-01-02,386757,5.2,9.8,7.5
2021-01-03,400773,1.4,3.5,2.45
2021-01-04,419854,2.7,6.5,4.6
2021-01-05,421016,2.4,4.9,3.6500000000000004
2021-01-06,425229,1.6,4.7,3.1500000000000004
2021-01-07,429691,1.0,5.9,3.45
2021-01-08,437653,-0.3,5.2,2.45
2021-01-09,417297,-0.9,1.9,0.49999999999999994
2021-01-10,407166,-0.0,5.2,2.6
2021-01-11,439489,-1.8,2.1,0.15000000000000002
2021-01-12,430982,0.2,5.8,3.0
2021-01-13,428535,0.5,6.1,3.3
2021-01-14,417053,2.9,8.9,5.9
2021-01-15,418092,3.4,7.7,5.55
2021-01-16,391838,5.5,8.1,6.8
2021-01-17,388142,3.3,7.4,5.35
2021-01-18,409343,2.9,6.6,4.75
2021-01-19,427503,1.3,4.7,3.0
2021-01-20,434838,-0.1,4.4,2.1500000000000004
2021-01-21,440899,-0.6,5.3,2.35
2021-01-22,425015,2.4,6.7,4.55
2021-01-23,423179,-2.4,-0.3,-1.3499999999999999
2021-01-24,426810,-3.2,0.1,-1.55
2021-01-25,446285,-1.6,3.4,0.8999999999999999
2021-01-26,449777,-0.2,1.3,0.55
2021-01-27,443123,1.1,4.2,2.6500000000000004
2021-01-28,457481,-2.8,0.0,-1.4
2021-01-29,481893,-6.9,-4.1,-5.5
2021-01-30,452002,-5.3,0.8,-2.25
2021-01-31,451538,-5.4,-2.9,-4.15
2021-02-01,464642,-1.8,0.5,-0.65
2021-02-02,454581,-0.2,1.3,0.55
2021-02-03,451157,-0.6,1.3,0.35000000000000003
2021-02-04,435958,-1.1,3.3,1.0999999999999999
2021-02-05,427449,1.3,4.9,3.1
2021-02-06,406996,-0.6,4.0,1.7
2021-02-07,425338,-1.9,-0.0,-0.95
2021-02-08,460103,-7.2,-3.6,-5.4
2021-02-09,461958,-4.2,0.8,-1.7000000000000002
2021-02-10,451682,-4.1,0.0,-2.05
2021-02-11,455649,-3.0,0.2,-1.4
2021-02-12,462071,-6.3,-2.8,-4.55
2021-02-13,441065,-4.8,-2.8,-3.8
2021-02-14,420995,-0.9,2.3,0.7
2021-02-15,438248,-1.0,0.4,-0.3
2021-02-16,431607,4.5,8.4,6.45
2021-02-17,444978,-4.3,-1.3,-2.8
2021-02-18,461188,-3.9,-2.6,-3.25
2021-02-19,452039,-1.8,-0.6,-1.2
2021-02-20,422977,-2.3,-0.1,-1.2
2021-02-21,413940,-4.6,0.4,-2.0999999999999996
2021-02-22,446062,-1.3,2.4,0.5499999999999999
2021-02-23,429113,2.2,5.7,3.95
2021-02-24,405350,4.4,11.0,7.7
2021-02-25,404842,4.8,8.0,6.4
2021-02-26,406528,1.2,6.1,3.65
2021-02-27,389255,5.8,11.8,8.8
2021-02-28,381413,4.3,7.8,6.05
2021-03-01,414947,5.5,8.9,7.2
2021-03-02,437235,-3.4,0.1,-1.65
2021-03-03,410133,3.0,10.6,6.8
2021-03-04,413658,1.9,5.7,3.8
2021-03-05,428893,-2.4,2.1,-0.1499999999999999
2021-03-06,412873,-1.4,1.4,0.0
2021-03-07,393435,-1.0,4.4,1.7000000000000002
2021-03-08,420040,-0.7,6.0,2.65
2021-03-09,390131,7.6,16.0,11.8
2021-03-10,381957,4.5,10.4,7.45
2021-03-11,372488,10.8,20.0,15.4
2021-03-12,363170,13.6,18.7,16.15
2021-03-13,361434,4.4,9.5,6.95
2021-03-14,352123,4.7,10.1,7.4
2021-03-15,422442,-1.6,2.8,0.5999999999999999
2021-03-16,432976,-0.6,2.4,0.8999999999999999
2021-03-17,406417,3.8,7.8,5.8
2021-03-18,410431,5.8,7.5,6.65
2021-03-19,403090,1.8,5.6,3.6999999999999997
2021-03-20,365911,3.4,12.6,8.0
2021-03-21,346588,5.7,15.0,10.35
2021-03-22,364768,6.1,13.1,9.6
2021-03-23,360592,7.7,16.1,11.9
2021-03-24,370445,9.0,13.1,11.05
2021-03-25,356242,11.9,19.5,15.7
2021-03-26,357933,16.3,25.6,20.950000000000003
2021-03-27,330055,11.7,17.6,14.65
2021-03-28,343406,11.9,19.0,15.45
2021-03-29,366955,8.1,11.5,9.8
2021-03-30,358829,7.4,12.5,9.95
2021-03-31,366803,11.9,16.7,14.3
2021-04-01,378817,7.4,11.1,9.25
2021-04-02,382735,0.8,3.5,2.15
2021-04-03,352411,3.9,10.9,7.4
2021-04-04,329017,9.3,15.8,12.55
2021-04-05,352706,11.6,18.1,14.850000000000001
2021-04-06,351856,11.1,18.3,14.7
2021-04-07,349595,11.9,19.9,15.899999999999999
2021-04-08,347105,11.5,17.8,14.65
2021-04-09,348447,8.7,12.2,10.45
2021-04-10,324769,11.9,16.4,14.149999999999999
2021-04-11,331019,11.9,14.6,13.25
2021-04-12,368415,7.9,9.0,8.45
2021-04-13,355382,10.8,18.4,14.6
2021-04-14,351319,12.7,20.0,16.35
2021-04-15,371205,10.8,12.9,11.850000000000001
2021-04-16,373125,7.7,12.2,9.95
2021-04-17,341334,8.5,12.0,10.25
2021-04-18,325231,10.5,15.4,12.95
2021-04-19,350865,11.3,16.9,14.1
2021-04-20,357950,14.2,21.5,17.85
2021-04-21,373686,11.8,18.2,15.0
2021-04-22,382974,4.8,8.1,6.449999999999999
2021-04-23,360100,9.0,15.5,12.25
2021-04-24,324378,12.9,20.0,16.45
2021-04-25,329845,11.9,16.6,14.25
2021-04-26,354532,9.1,13.9,11.5
2021-04-27,355317,9.6,14.5,12.05
2021-04-28,357300,16.6,27.0,21.8
2021-04-29,369526,17.8,22.8,20.3
2021-04-30,359708,15.8,19.5,17.65
2021-05-01,326083,10.8,17.4,14.1
2021-05-02,324709,18.2,26.2,22.2
2021-05-03,355985,14.2,16.1,15.15
2021-05-04,358866,14.8,22.2,18.5
2021-05-05,360820,12.5,15.4,13.95
2021-05-06,345402,12.9,17.3,15.100000000000001
2021-05-07,348856,11.9,16.5,14.2
2021-05-08,333170,9.9,11.5,10.7
2021-05-09,321625,10.3,16.8,13.55
2021-05-10,356421,11.2,15.1,13.149999999999999
2021-05-11,353517,12.2,16.8,14.5
2021-05-12,351423,11.8,17.9,14.85
2021-05-13,350029,13.7,19.2,16.45
2021-05-14,351062,15.2,22.0,18.6
2021-05-15,328050,16.4,22.7,19.549999999999997
2021-05-16,327384,16.4,21.7,19.049999999999997
2021-05-17,362224,16.6,22.9,19.75
2021-05-18,377601,19.3,26.5,22.9
2021-05-19,403734,20.9,28.6,24.75
2021-05-20,401067,16.6,21.6,19.1
2021-05-21,406843,17.4,23.0,20.2
2021-05-22,406830,24.0,30.8,27.4
2021-05-23,425957,25.1,31.6,28.35
2021-05-24,384548,16.0,19.0,17.5
2021-05-25,395964,17.4,21.6,19.5
2021-05-26,444047,23.0,29.3,26.15
2021-05-27,421184,22.7,27.7,25.2
2021-05-28,376794,14.8,18.9,16.85
2021-05-29,344443,9.8,11.1,10.45
2021-05-30,338613,9.8,11.5,10.65
2021-05-31,331594,14.0,20.5,17.25
2021-06-01,368916,16.8,23.8,20.3
2021-06-02,384575,17.2,21.7,19.45
2021-06-03,394875,17.7,22.4,20.049999999999997
2021-06-04,417200,20.8,25.4,23.1
2021-06-05,435041,24.1,31.5,27.8
2021-06-06,480108,25.7,31.4,28.549999999999997
2021-06-07,538108,25.2,30.3,27.75
2021-06-08,535458,25.1,30.2,27.65
2021-06-09,545958,25.5,30.4,27.95
2021-06-10,482074,22.5,26.5,24.5
2021-06-11,415274,17.6,20.7,19.15
2021-06-12,383299,18.5,21.3,19.9
2021-06-13,384833,18.7,23.6,21.15
2021-06-14,417920,19.1,21.3,20.200000000000003
2021-06-15,425076,20.9,25.4,23.15
2021-06-16,401587,19.4,23.3,21.35
2021-06-17,397991,18.6,24.0,21.3
2021-06-18,423960,20.8,27.5,24.15
2021-06-19,450071,24.2,32.3,28.25
2021-06-20,451424,23.0,29.2,26.1
2021-06-21,531239,24.6,27.8,26.200000000000003
2021-06-22,446933,20.5,24.5,22.5
2021-06-23,392962,17.9,23.2,20.549999999999997
2021-06-24,411361,18.4,22.7,20.549999999999997
2021-06-25,435296,19.5,24.2,21.85
2021-06-26,464480,22.7,26.2,24.45
2021-06-27,510104,25.6,29.2,27.4
2021-06-28,594510,27.5,32.5,30.0
2021-06-29,618929,28.5,33.5,31.0
2021-06-30,614517,29.8,35.4,32.6
2021-07-01,529786,24.9,28.6,26.75
2021-07-02,465323,22.0,24.4,23.2
2021-07-03,377791,17.7,19.5,18.6
2021-07-04,372944,20.2,25.0,22.6
2021-07-05,439509,22.7,26.3,24.5
2021-07-06,538613,26.4,33.3,29.849999999999998
2021-07-07,550353,26.7,31.8,29.25
2021-07-08,515975,24.5,27.9,26.2
2021-07-09,498113,24.7,30.0,27.35
2021-07-10,448446,23.2,25.8,24.5
2021-07-11,430384,22.4,24.7,23.549999999999997
2021-07-12,496398,24.8,28.4,26.6
2021-07-13,484708,22.9,25.7,24.299999999999997
2021-07-14,516042,24.9,30.5,27.7
2021-07-15,551789,25.7,29.3,27.5
2021-07-16,570552,27.7,32.4,30.049999999999997
2021-07-17,514869,26.8,30.7,28.75
2021-07-18,474043,25.1,28.4,26.75
2021-07-19,495959,24.0,27.7,25.85
2021-07-20,525650,25.6,31.0,28.3
2021-07-21,491012,23.9,28.0,25.95
2021-07-22,459845,22.4,26.7,24.549999999999997
2021-07-23,458287,22.4,26.3,24.35
2021-07-24,436459,22.6,26.7,24.65
2021-07-25,463355,24.3,28.7,26.5
2021-07-26,532521,26.1,31.8,28.950000000000003
2021-07-27,522558,25.0,30.5,27.75
2021-07-28,490337,23.3,26.9,25.1
2021-07-29,471653,22.4,25.4,23.9
2021-07-30,455163,23.2,27.9,25.549999999999997
2021-07-31,384501,19.7,25.8,22.75
2021-08-01,393980,21.3,24.1,22.700000000000003
2021-08-02,432120,21.4,26.5,23.95
2021-08-03,428325,20.4,24.2,22.299999999999997
2021-08-04,435027,21.0,24.4,22.7
2021-08-05,453627,21.6,27.0,24.3
2021-08-06,495648,23.7,28.7,26.2
2021-08-07,480482,24.5,29.6,27.05
2021-08-08,450707,20.9,22.7,21.799999999999997
2021-08-09,506104,22.8,26.3,24.55
2021-08-10,533246,23.9,27.2,25.549999999999997
2021-08-11,576272,26.6,31.7,29.15
2021-08-12,591527,28.2,35.1,31.65
2021-08-13,600360,28.4,33.0,30.7
2021-08-14,530336,27.1,31.4,29.25
2021-08-15,440552,23.6,27.6,25.6
2021-08-16,472967,22.8,26.5,24.65
2021-08-17,494718,23.7,26.1,24.9
2021-08-18,516433,24.3,26.9,25.6
2021-08-19,543100,26.3,30.3,28.3
2021-08-20,525709,24.5,26.6,25.55
2021-08-21,500330,24.6,27.0,25.8
2021-08-22,474030,23.0,23.5,23.25
2021-08-23,514700,24.5,28.5,26.5
2021-08-24,545593,25.9,30.8,28.35
2021-08-25,565729,25.8,31.2,28.5
2021-08-26,598650,26.7,31.8,29.25
2021-08-27,583902,27.1,32.3,29.7
2021-08-28,471359,22.9,25.9,24.4
2021-08-29,444715,21.8,24.4,23.1
2021-08-30,528948,24.5,28.6,26.55
2021-08-31,508719,24.5,28.8,26.65
2021-09-01,455094,21.3,23.2,22.25
2021-09-02,404896,19.3,24.4,21.85
2021-09-03,394874,18.2,21.9,20.049999999999997
2021-09-04,381463,19.5,24.9,22.2
2021-09-05,390216,20.7,24.5,22.6
2021-09-06,411241,22.5,27.0,24.75
2021-09-07,431277,20.7,26.0,23.35
2021-09-08,469124,23.1,26.5,24.8
2021-09-09,447704,21.1,22.7,21.9
2021-09-10,405248,19.5,22.9,21.2
2021-09-11,379406,19.1,24.7,21.9
2021-09-12,414037,22.9,28.9,25.9
2021-09-13,476225,24.9,29.0,26.95
2021-09-14,466466,22.0,25.7,23.85
2021-09-15,498502,24.7,29.9,27.299999999999997
2021-09-16,455728,21.5,24.0,22.75
2021-09-17,457534,21.7,23.7,22.7
2021-09-18,442843,23.0,27.3,25.15
2021-09-19,389462,20.3,23.5,21.9
2021-09-20,414650,18.7,22.7,20.7
2021-09-21,420718,20.1,23.0,21.55
2021-09-22,465200,22.5,25.0,23.75
2021-09-23,472433,23.0,26.0,24.5
2021-09-24,398403,18.6,22.3,20.450000000000003
2021-09-25,361999,18.2,22.6,20.4
2021-09-26,349913,18.1,21.4,19.75
2021-09-27,395893,19.8,25.9,22.85
2021-09-28,401475,19.6,22.4,21.0
2021-09-29,371318,15.6,20.1,17.85
2021-09-30,368584,15.3,19.0,17.15
2021-10-01,360615,14.2,19.4,16.799999999999997
2021-10-02,345926,16.5,23.8,20.15
2021-10-03,363003,18.9,25.9,22.4
2021-10-04,407602,19.3,21.1,20.200000000000003
2021-10-05,385804,17.0,19.9,18.45
2021-10-06,384145,17.8,20.4,19.1
2021-10-07,392990,18.6,22.4,20.5
2021-10-08,396250,18.5,23.9,21.2
2021-10-09,356688,17.5,20.2,18.85
2021-10-10,350618,17.3,18.8,18.05
2021-10-11,380322,18.1,21.5,19.8
2021-10-12,389922,17.6,21.5,19.55
2021-10-13,392677,18.0,21.6,19.8
2021-10-14,398505,19.3,25.0,22.15
2021-10-15,407906,19.6,25.0,22.3
2021-10-16,381062,20.1,24.5,22.3
2021-10-17,338428,13.9,17.4,15.649999999999999
2021-10-18,366490,11.9,15.9,13.9
2021-10-19,366013,13.4,19.1,16.25
2021-10-20,372814,17.9,24.2,21.049999999999997
2021-10-21,379073,17.1,23.0,20.05
2021-10-22,373467,17.3,20.2,18.75
2021-10-23,343715,12.9,16.1,14.5
2021-10-24,338150,11.9,15.5,13.7
2021-10-25,382666,18.3,23.1,20.700000000000003
2021-10-26,386916,15.7,17.0,16.35
2021-10-27,372780,13.8,16.1,14.950000000000001
2021-10-28,370213,11.5,15.1,13.3
2021-10-29,373093,11.5,14.2,12.85
2021-10-30,354960,15.4,17.7,16.55
2021-10-31,341288,14.5,18.3,16.4
2021-11-01,368267,11.7,14.5,13.1
2021-11-02,381553,9.3,11.4,10.350000000000001
2021-11-03,387462,6.8,10.9,8.85
2021-11-04,392496,6.4,9.8,8.100000000000001
2021-11-05,388933,6.3,10.6,8.45
2021-11-06,362899,6.7,10.5,8.6
2021-11-07,370979,6.9,11.8,9.350000000000001
2021-11-08,378526,10.6,16.5,13.55
2021-11-09,378210,11.6,19.5,15.55
2021-11-10,371055,12.4,17.3,14.850000000000001
2021-11-11,378296,10.0,15.0,12.5
2021-11-12,380179,15.1,18.5,16.8
2021-11-13,363727,9.1,16.1,12.600000000000001
2021-11-14,364484,5.9,8.4,7.15
2021-11-15,401029,5.5,8.6,7.05
2021-11-16,401603,5.2,9.5,7.35
2021-11-17,400827,7.3,12.3,9.8
2021-11-18,386099,13.3,18.9,16.1
2021-11-19,395872,6.7,9.7,8.2
2021-11-20,377006,4.2,6.7,5.45
2021-11-21,365167,8.2,11.9,10.05
2021-11-22,400669,8.4,11.3,9.850000000000001
2021-11-23,415459,2.2,5.5,3.85
2021-11-24,411563,2.1,7.0,4.55
2021-11-25,368786,5.9,11.3,8.600000000000001
2021-11-26,383990,5.7,7.4,6.550000000000001
2021-11-27,390358,2.1,4.5,3.3
2021-11-28,397107,2.0,4.5,3.25
2021-11-29,424413,2.9,5.9,4.4
2021-11-30,432433,1.2,4.7,2.95
2021-12-01,414962,4.2,8.6,6.4
2021-12-02,409290,10.0,13.6,11.8
2021-12-03,410901,5.4,9.3,7.3500000000000005
2021-12-04,393324,4.3,8.4,6.35
2021-12-05,386815,4.3,7.6,5.949999999999999
2021-12-06,409530,12.2,16.3,14.25
2021-12-07,424133,3.5,8.7,6.1
2021-12-08,436185,2.6,4.7,3.6500000000000004
2021-12-09,439318,1.1,3.6,2.35
2021-12-10,421014,5.2,8.5,6.85
2021-12-11,385857,12.0,17.4,14.7
2021-12-12,374538,6.7,12.6,9.65
2021-12-13,407557,5.4,10.3,7.8500000000000005
2021-12-14,406508,5.9,10.4,8.15
2021-12-15,417533,6.0,10.3,8.15
2021-12-16,393911,11.7,14.5,13.1
2021-12-17,387297,11.5,14.1,12.8
2021-12-18,395970,5.5,6.8,6.15
2021-12-19,402296,3.7,7.2,5.45
2021-12-20,438651,-1.3,1.8,0.25
2021-12-21,427748,1.3,5.5,3.4
2021-12-22,427415,4.2,8.1,6.15
2021-12-23,434566,-0.0,2.2,1.1
2021-12-24,412041,1.4,5.7,3.55
2021-12-25,381031,5.4,9.0,7.2
2021-12-26,377826,6.3,8.7,7.5
2021-12-27,424491,1.1,2.6,1.85
2021-12-28,411471,5.1,8.4,6.75
2021-12-29,411729,5.3,7.7,6.5
2021-12-30,401376,6.4,8.5,7.45
2021-12-31,380279,8.5,11.1,9.8
2022-01-01,364945,9.5,11.6,10.55
2022-01-02,382944,9.5,13.6,11.55
2022-01-03,448996,-1.3,2.0,0.35
2022-01-04,453310,-3.2,0.6,-1.3
2022-01-05,438027,1.9,7.0,4.45
2022-01-06,435247,1.8,4.1,2.9499999999999997
2022-01-07,452261,-1.8,-0.3,-1.05
2022-01-08,439824,-6.0,-2.6,-4.3
2022-01-09,422709,0.3,3.9,2.1
2022-01-10,455889,-1.5,4.1,1.2999999999999998
2022-01-11,486958,-7.1,-4.2,-5.65
2022-01-12,465751,-2.1,4.6,1.2499999999999998
2022-01-13,432684,0.9,6.9,3.9000000000000004
2022-01-14,440947,1.5,5.1,3.3
2022-01-15,472953,-8.1,-5.2,-6.65
2022-01-16,461701,-6.7,2.0,-2.35
2022-01-17,446764,3.4,9.2,6.3
2022-01-18,455428,-1.0,2.0,0.5
2022-01-19,446006,1.6,7.6,4.6
2022-01-20,451197,0.7,5.3,3.0
2022-01-21,483931,-8.2,-5.2,-6.699999999999999
2022-01-22,463056,-6.9,-1.5,-4.2
2022-01-23,438048,-2.3,2.8,0.25
2022-01-24,459578,-1.4,0.3,-0.5499999999999999
2022-01-25,450540,1.4,6.4,3.9000000000000004
2022-01-26,470414,-5.3,-3.0,-4.15
2022-01-27,477551,-5.3,-0.2,-2.75
2022-01-28,463408,-1.3,0.7,-0.30000000000000004
2022-01-29,472203,-8.5,-1.8,-5.15
2022-01-30,464368,-10.4,-6.2,-8.3
2022-01-31,472752,-10.8,-3.4,-7.1000000000000005
2022-02-01,458322,-7.4,-1.6,-4.5
2022-02-02,435492,-1.3,3.5,1.1
2022-02-03,435333,4.9,9.4,7.15
2022-02-04,450497,4.0,11.7,7.85
2022-02-05,448858,-4.2,-1.8,-3.0
2022-02-06,446185,-5.5,-1.4,-3.45
2022-02-07,451630,-0.2,2.6,1.2
2022-02-08,436570,2.6,8.0,5.3
2022-02-09,427932,0.1,4.8,2.4499999999999997
2022-02-10,418997,4.1,11.1,7.6
2022-02-11,405937,4.4,12.2,8.3
2022-02-12,383488,9.8,13.4,11.600000000000001
2022-02-13,418603,0.0,5.0,2.5
2022-02-14,470508,-7.0,-3.3,-5.15
2022-02-15,472536,-5.4,-0.3,-2.85
2022-02-16,443515,0.7,6.2,3.45
2022-02-17,409066,11.1,17.0,14.05
2022-02-18,414991,6.8,15.4,11.1
2022-02-19,427191,-1.6,3.6,1.0
2022-02-20,415199,-2.7,2.7,0.0
2022-02-21,394780,2.7,9.9,6.300000000000001
2022-02-22,408506,8.2,14.3,11.25
2022-02-23,398469,13.3,19.0,16.15
2022-02-24,434053,-0.3,2.2,0.9500000000000001
2022-02-25,446363,1.1,6.7,3.9000000000000004
2022-02-26,418335,-2.0,3.0,0.5
2022-02-27,401051,1.5,8.1,4.8
2022-02-28,434624,-1.4,1.5,0.050000000000000044
2022-03-01,432395,1.9,5.9,3.9000000000000004
2022-03-02,406531,5.4,10.6,8.0
2022-03-03,416973,3.0,5.4,4.2
2022-03-04,430519,-2.6,3.2,0.30000000000000004
2022-03-05,396104,1.0,5.4,3.2
2022-03-06,360191,12.1,19.5,15.8
2022-03-07,390578,17.4,23.0,20.2
2022-03-08,392419,5.3,13.1,9.2
2022-03-09,423633,2.1,3.8,2.95
2022-03-10,403381,2.8,8.7,5.75
2022-03-11,391633,4.5,10.5,7.5
2022-03-12,407073,1.3,6.5,3.9
2022-03-13,391820,-2.2,2.9,0.34999999999999987
2022-03-14,399280,5.3,13.3,9.3
2022-03-15,383112,9.3,15.7,12.5
2022-03-16,368983,9.5,16.4,12.95
2022-03-17,376855,8.0,12.0,10.0
2022-03-18,359371,11.7,20.8,16.25
2022-03-19,340963,12.5,17.7,15.1
2022-03-20,345386,11.0,15.0,13.0
2022-03-21,365711,9.8,15.7,12.75
2022-03-22,369472,8.4,13.1,10.75
2022-03-23,390981,4.7,7.9,6.300000000000001
2022-03-24,390837,7.0,9.7,8.35
2022-03-25,376651,9.8,15.9,12.850000000000001
2022-03-26,355638,7.9,10.1,9.0
2022-03-27,370833,3.9,7.7,5.8
2022-03-28,432280,-2.6,0.2,-1.2
2022-03-29,422667,-0.9,3.2,1.1500000000000001
2022-03-30,415453,1.4,5.7,3.55
2022-03-31,387855,13.3,18.9,16.1
2022-04-01,381021,10.8,15.1,12.95
2022-04-02,352549,5.8,11.1,8.45
2022-04-03,366445,5.8,8.5,7.15
2022-04-04,380454,7.3,12.3,9.8
2022-04-05,373680,6.6,12.1,9.35
2022-04-06,379429,8.8,12.6,10.7
2022-04-07,391376,8.6,11.2,9.899999999999999
2022-04-08,366369,11.7,16.7,14.2
2022-04-09,346982,9.2,13.9,11.55
2022-04-10,354325,7.2,9.9,8.55
2022-04-11,366013,7.4,12.7,10.05
2022-04-12,356978,12.7,20.6,16.65
2022-04-13,359734,13.2,18.3,15.75
2022-04-14,363493,19.8,28.6,24.200000000000003
2022-04-15,342061,13.7,19.6,16.65
2022-04-16,337822,14.0,19.8,16.9
2022-04-17,329959,7.2,10.2,8.7
2022-04-18,371403,5.9,10.1,8.0
2022-04-19,383257,7.9,11.2,9.55
2022-04-20,364751,8.3,13.9,11.100000000000001
2022-04-21,371922,9.3,12.9,11.100000000000001
2022-04-22,349912,13.3,18.2,15.75
2022-04-23,331229,10.1,14.5,12.3
2022-04-24,317182,10.8,15.5,13.15
2022-04-25,354332,10.1,14.4,12.25
2022-04-26,367151,12.8,16.2,14.5
2022-04-27,366888,9.9,13.2,11.55
2022-04-28,363575,7.4,12.3,9.850000000000001
2022-04-29,354137,9.2,15.3,12.25
2022-04-30,324495,10.8,17.7,14.25
2022-05-01,318743,11.5,18.6,15.05
2022-05-02,364459,11.9,14.8,13.350000000000001
2022-05-03,355332,11.5,18.3,14.9
2022-05-04,365483,13.3,20.5,16.9
2022-05-05,349202,15.8,21.8,18.8
2022-05-06,357753,12.3,14.0,13.15
2022-05-07,337622,8.5,10.4,9.45
2022-05-08,320761,9.5,12.8,11.15
2022-05-09,344868,12.1,18.6,15.350000000000001
2022-05-10,345909,13.7,19.9,16.799999999999997
2022-05-11,352804,14.5,21.1,17.8
2022-05-12,367219,15.3,20.9,18.1
2022-05-13,383995,16.3,21.3,18.8
2022-05-14,368342,16.4,20.6,18.5
2022-05-15,363172,17.8,24.6,21.200000000000003
2022-05-16,391582,19.0,23.1,21.05
2022-05-17,365360,17.7,23.1,20.4
2022-05-18,354919,16.2,21.3,18.75
2022-05-19,366395,15.5,21.8,18.65
2022-05-20,369533,16.3,21.3,18.8
2022-05-21,408354,23.0,32.0,27.5
2022-05-22,426749,25.1,30.5,27.8
2022-05-23,387040,19.1,22.4,20.75
2022-05-24,368690,15.9,19.1,17.5
2022-05-25,366308,14.5,19.0,16.75
2022-05-26,376922,15.6,19.5,17.55
2022-05-27,405941,19.5,23.6,21.55
2022-05-28,370143,20.2,23.0,21.6
2022-05-29,354089,19.2,24.5,21.85
2022-05-30,407158,22.0,29.0,25.5
2022-05-31,513029,27.0,33.6,30.3
2022-06-01,422070,18.0,21.5,19.75
2022-06-02,419580,20.6,26.8,23.700000000000003
2022-06-03,409061,20.6,24.3,22.450000000000003
2022-06-04,370229,19.9,26.3,23.1
2022-06-05,354341,18.4,23.7,21.049999999999997
2022-06-06,408991,19.8,25.9,22.85
2022-06-07,417263,19.7,24.5,22.1
2022-06-08,437771,22.8,29.3,26.05
2022-06-09,442467,22.7,28.1,25.4
2022-06-10,407263,20.4,26.1,23.25
2022-06-11,380077,20.2,24.2,22.2
2022-06-12,372179,19.0,22.6,20.8
2022-06-13,450830,23.0,27.4,25.2
2022-06-14,439182,22.4,27.7,25.049999999999997
2022-06-15,458247,21.3,26.8,24.05
2022-06-16,456388,19.9,23.0,21.45
2022-06-17,478940,25.1,31.9,28.5
2022-06-18,370098,19.1,21.8,20.450000000000003
2022-06-19,328801,17.4,22.1,19.75
2022-06-20,382314,19.6,26.3,22.950000000000003
2022-06-21,421047,19.9,26.3,23.1
2022-06-22,431426,18.4,20.3,19.35
2022-06-23,418264,19.1,22.2,20.65
2022-06-24,438680,20.6,25.8,23.200000000000003
2022-06-25,456234,24.2,32.3,28.25
2022-06-26,478066,24.7,30.7,27.7
2022-06-27,470754,23.6,26.5,25.05
2022-06-28,428090,22.3,27.7,25.0
2022-06-29,443985,22.6,29.0,25.8
2022-06-30,475488,24.1,31.5,27.8
2022-07-01,526072,26.3,33.6,29.950000000000003
2022-07-02,492965,25.6,30.1,27.85
2022-07-03,442303,25.4,31.0,28.2
2022-07-04,423686,24.0,30.0,27.0
2022-07-05,475326,24.1,30.1,27.1
2022-07-06,499684,26.6,31.7,29.15
2022-07-07,481602,23.7,26.9,25.299999999999997
2022-07-08,482822,23.4,28.8,26.1
2022-07-09,440819,24.1,29.5,26.8
2022-07-10,412997,22.6,27.1,24.85
2022-07-11,472530,22.4,28.3,25.35
2022-07-12,521841,26.2,33.8,30.0
2022-07-13,527084,26.6,32.6,29.6
2022-07-14,516803,26.2,31.4,28.799999999999997
2022-07-15,486175,24.3,28.4,26.35
2022-07-16,462208,23.3,27.6,25.450000000000003
2022-07-17,480966,24.0,27.8,25.9
2022-07-18,526190,25.0,30.0,27.5
2022-07-19,558981,27.0,33.6,30.3
2022-07-20,605859,28.1,33.8,30.95
2022-07-21,608105,28.5,33.5,31.0
2022-07-22,585707,27.4,34.1,30.75
2022-07-23,559974,28.1,34.3,31.2
2022-07-24,563938,29.8,35.8,32.8
2022-07-25,574545,27.2,31.4,29.299999999999997
2022-07-26,496129,24.6,28.8,26.700000000000003
2022-07-27,498791,23.7,28.0,25.85
2022-07-28,556273,25.9,30.5,28.2
2022-07-29,532754,26.4,30.5,28.45
2022-07-30,482024,26.3,32.0,29.15
2022-07-31,470435,24.3,28.5,26.4
2022-08-01,498356,23.2,26.1,24.65
2022-08-02,537157,26.8,33.2,30.0
2022-08-03,544856,25.5,32.3,28.9
2022-08-04,581315,27.0,33.0,30.0
2022-08-05,576386,27.8,32.7,30.25
2022-08-06,560940,27.6,32.4,30.0
2022-08-07,573906,28.2,34.1,31.15
2022-08-08,621287,29.5,34.5,32.0
2022-08-09,611972,30.0,37.3,33.65
2022-08-10,543232,26.3,32.6,29.450000000000003
2022-08-11,527410,26.3,32.1,29.200000000000003
2022-08-12,475127,25.0,29.0,27.0
2022-08-13,411863,22.0,27.0,24.5
2022-08-14,412349,22.0,26.9,24.45
2022-08-15,465434,22.5,27.3,24.9
2022-08-16,467088,22.6,28.0,25.3
2022-08-17,454669,22.4,26.9,24.65
2022-08-18,463151,23.7,30.6,27.15
2022-08-19,490626,24.4,31.5,27.95
2022-08-20,494694,25.7,31.5,28.6
2022-08-21,478724,23.9,27.7,25.799999999999997
2022-08-22,503422,22.7,24.3,23.5
2022-08-23,515643,24.0,29.0,26.5
2022-08-24,515251,25.0,31.2,28.1
2022-08-25,523934,25.3,31.5,28.4
2022-08-26,525128,24.6,29.3,26.950000000000003
2022-08-27,483418,24.9,29.5,27.2
2022-08-28,468204,23.7,27.2,25.45
2022-08-29,550544,24.5,28.4,26.45
2022-08-30,553334,25.2,29.9,27.549999999999997
2022-08-31,494411,24.2,28.8,26.5
2022-09-01,458351,24.0,29.8,26.9
2022-09-02,429684,20.3,24.9,22.6
2022-09-03,421998,21.8,26.1,23.950000000000003
2022-09-04,450186,24.2,30.1,27.15
2022-09-05,462389,24.1,28.3,26.200000000000003
2022-09-06,462891,21.3,22.2,21.75
2022-09-07,431800,20.3,22.8,21.55
2022-09-08,431963,20.5,23.8,22.15
2022-09-09,430244,20.5,26.2,23.35
2022-09-10,414587,21.2,27.3,24.25
2022-09-11,410176,20.8,24.5,22.65
2022-09-12,463393,22.9,27.8,25.35
2022-09-13,473225,22.6,25.9,24.25
2022-09-14,430059,20.7,26.7,23.7
2022-09-15,397434,19.0,22.0,20.5
2022-09-16,382655,17.7,24.0,20.85
2022-09-17,373341,19.4,22.4,20.9
2022-09-18,408063,22.5,28.9,25.7
2022-09-19,457330,23.1,30.0,26.55
2022-09-20,436421,21.4,25.7,23.549999999999997
2022-09-21,430535,20.4,25.9,23.15
2022-09-22,414969,19.6,25.2,22.4
2022-09-23,355382,13.1,16.5,14.8
2022-09-24,331175,14.2,20.6,17.4
2022-09-25,345662,17.1,24.3,20.700000000000003
2022-09-26,374670,18.1,23.6,20.85
2022-09-27,372601,16.8,21.3,19.05
2022-09-28,369309,15.7,20.9,18.299999999999997
2022-09-29,361651,15.1,19.1,17.1
2022-09-30,358453,13.7,16.6,15.15
2022-10-01,339570,14.3,17.3,15.8
2022-10-02,334579,12.9,14.9,13.9
2022-10-03,371457,10.2,11.8,11.0
2022-10-04,380474,10.5,12.6,11.55
2022-10-05,370598,13.8,15.8,14.8
2022-10-06,366484,15.7,22.5,19.1
2022-10-07,370922,17.2,23.9,20.549999999999997
2022-10-08,337114,11.6,14.7,13.149999999999999
2022-10-09,331356,10.6,16.3,13.45
2022-10-10,356988,13.0,19.8,16.4
2022-10-11,361815,13.1,19.5,16.3
2022-10-12,362693,14.1,19.1,16.6
2022-10-13,379397,17.2,20.8,19.0
2022-10-14,357356,13.9,19.1,16.5
2022-10-15,332720,13.4,18.9,16.15
2022-10-16,330210,12.9,17.5,15.2
2022-10-17,372337,14.5,18.7,16.6
2022-10-18,366894,10.5,13.5,12.0
2022-10-19,377574,8.2,12.1,10.149999999999999
2022-10-20,376629,9.5,14.2,11.85
2022-10-21,363911,10.5,15.8,13.15
2022-10-22,334261,11.4,17.5,14.45
2022-10-23,337044,12.7,15.3,14.0
2022-10-24,369924,14.0,16.3,15.15
2022-10-25,377642,17.5,20.5,19.0
2022-10-26,380186,18.1,21.0,19.55
2022-10-27,362305,14.1,17.3,15.7
2022-10-28,367224,9.4,12.9,11.15
2022-10-29,342245,9.1,14.2,11.649999999999999
2022-10-30,338359,9.5,16.0,12.75
2022-10-31,369105,13.2,17.2,15.2
2022-11-01,375433,15.5,19.6,17.55
2022-11-02,363778,14.7,19.9,17.299999999999997
2022-11-03,363608,12.2,17.7,14.95
2022-11-04,362783,13.6,19.5,16.55
2022-11-05,348797,18.1,22.8,20.450000000000003
2022-11-06,365645,19.9,23.5,21.7
2022-11-07,372260,19.5,23.7,21.6
2022-11-08,364476,10.4,13.3,11.850000000000001
2022-11-09,373883,7.2,10.3,8.75
2022-11-10,368441,11.0,17.2,14.1
2022-11-11,375461,15.8,18.7,17.25
2022-11-12,350189,18.5,20.5,19.5
2022-11-13,352217,10.4,13.9,12.15
2022-11-14,393016,4.7,7.5,6.1
2022-11-15,409202,4.2,7.5,5.85
2022-11-16,405670,7.3,11.1,9.2
2022-11-17,406837,4.4,8.1,6.25
2022-11-18,407274,3.2,6.4,4.800000000000001
2022-11-19,390704,1.4,4.2,2.8
2022-11-20,399511,0.4,2.1,1.25
2022-11-21,424428,0.2,4.0,2.1
2022-11-22,404262,4.4,9.3,6.8500000000000005
2022-11-23,395186,5.7,11.6,8.65
2022-11-24,360503,5.1,10.4,7.75
2022-11-25,371896,7.5,11.8,9.65
2022-11-26,355992,7.4,12.2,9.8
2022-11-27,369839,8.9,13.7,11.3
2022-11-28,395059,9.5,11.8,10.65
2022-11-29,409500,3.1,6.0,4.55
2022-11-30,412040,8.1,12.7,10.399999999999999
2022-12-01,420331,3.0,6.0,4.5
2022-12-02,414743,1.3,4.9,3.1
2022-12-03,386842,9.8,13.2,11.5
2022-12-04,383809,3.8,6.7,5.25
2022-12-05,414809,1.8,6.3,4.05
2022-12-06,412121,8.2,12.3,10.25
2022-12-07,395569,12.5,14.3,13.4
2022-12-08,395795,8.8,11.4,10.100000000000001
2022-12-09,410401,3.3,6.9,5.1
2022-12-10,398472,1.3,4.6,2.9499999999999997
2022-12-11,406325,2.7,4.1,3.4
2022-12-12,440042,1.0,4.1,2.55
2022-12-13,446120,-1.0,4.7,1.85
2022-12-14,445467,0.2,4.3,2.25
2022-12-15,446909,1.9,4.6,3.25
2022-12-16,431541,4.7,6.4,5.550000000000001
2022-12-17,401844,3.6,6.8,5.2
2022-12-18,405618,0.6,3.9,2.25
2022-12-19,441335,0.1,3.4,1.75
2022-12-20,439344,0.0,3.6,1.8
2022-12-21,437409,-1.0,2.9,0.95
2022-12-22,437369,2.6,6.6,4.6
2022-12-23,433897,3.2,12.5,7.85
2022-12-24,471567,-10.9,-4.8,-7.85
2022-12-25,440051,-6.5,-1.8,-4.15
2022-12-26,445148,-4.9,-1.1,-3.0
2022-12-27,450373,-1.8,2.7,0.45000000000000007
2022-12-28,423600,0.5,6.6,3.55
2022-12-29,406497,2.7,8.4,5.550000000000001
2022-12-30,388828,6.0,13.3,9.65
2022-12-31,373979,8.5,10.9,9.7
2023-01-01,357120,8.8,11.7,10.25
2023-01-02,377848,7.7,12.6,10.15
2023-01-03,404670,9.3,12.6,10.95
2023-01-04,392449,12.9,17.8,15.350000000000001
2023-01-05,395100,9.8,12.9,11.350000000000001
2023-01-06,404341,6.0,8.5,7.25
2023-01-07,392144,3.5,8.0,5.75
2023-01-08,394021,1.1,4.0,2.55
2023-01-09,419995,2.9,7.0,4.95
2023-01-10,427763,2.5,6.1,4.3
2023-01-11,427479,0.8,3.7,2.25
2023-01-12,422209,5.0,9.5,7.25
2023-01-13,411605,9.0,12.5,10.75
2023-01-14,418622,0.8,2.7,1.75
2023-01-15,411256,0.5,4.9,2.7
2023-01-16,424077,1.3,8.0,4.65
2023-01-17,428337,2.3,7.2,4.75
2023-01-18,409281,6.4,10.6,8.5
2023-01-19,421151,3.8,5.4,4.6
2023-01-20,413040,5.2,8.8,7.0
2023-01-21,401239,2.6,5.9,4.25
2023-01-22,396379,1.2,5.4,3.3000000000000003
2023-01-23,430239,2.3,2.8,2.55
2023-01-24,425993,2.1,7.5,4.8
2023-01-25,433224,2.0,10.4,6.2
2023-01-26,422036,7.3,11.7,9.5
2023-01-27,421747,2.0,5.9,3.95
2023-01-28,385163,4.2,10.7,7.449999999999999
2023-01-29,386965,5.4,10.3,7.8500000000000005
2023-01-30,412378,5.9,11.5,8.7
2023-01-31,432008,3.2,6.3,4.75
2023-02-01,439322,-0.8,3.0,1.1
2023-02-02,434689,-0.4,3.9,1.75
2023-02-03,474073,-4.6,0.1,-2.25
2023-02-04,484021,-9.8,-4.1,-6.95
2023-02-05,416754,1.1,8.9,5.0
2023-02-06,423255,3.9,10.0,6.95
2023-02-07,427017,0.2,3.5,1.85
2023-02-08,402113,4.6,10.2,7.3999999999999995
2023-02-09,417733,4.5,10.9,7.7
2023-02-10,392227,11.0,13.9,12.45
2023-02-11,379637,3.5,6.5,5.0
2023-02-12,375690,2.6,6.6,4.6
2023-02-13,388023,6.4,13.1,9.75
2023-02-14,380814,6.0,11.2,8.6
2023-02-15,373676,9.9,16.8,13.350000000000001
2023-02-16,379026,12.5,19.0,15.75
2023-02-17,399012,9.5,15.2,12.35
2023-02-18,380315,0.7,5.5,3.1
2023-02-19,371472,3.8,7.9,5.85
2023-02-20,375218,8.7,15.1,11.899999999999999
2023-02-21,400505,4.2,8.1,6.15
2023-02-22,414043,2.3,5.4,3.85
2023-02-23,417667,4.3,7.5,5.9
2023-02-24,413590,3.7,7.2,5.45
2023-02-25,428564,-3.2,0.0,-1.6
2023-02-26,399977,2.0,10.0,6.0
2023-02-27,411799,1.4,4.7,3.05
2023-02-28,431938,0.8,1.9,1.35
2023-03-01,412869,1.7,5.6,3.65
2023-03-02,405127,6.6,13.5,10.05
2023-03-03,401773,3.1,7.3,5.2
2023-03-04,387061,5.2,6.9,6.050000000000001
2023-03-05,370237,5.3,12.0,8.65
2023-03-06,391012,5.6,10.0,7.8
2023-03-07,399747,3.5,7.2,5.35
2023-03-08,409802,2.7,9.2,5.949999999999999
2023-03-09,401725,4.1,10.2,7.1499999999999995
2023-03-10,407218,3.1,7.2,5.15
2023-03-11,390735,4.0,6.8,5.4
2023-03-12,359761,3.2,7.6,5.4
2023-03-13,409925,4.4,5.7,5.050000000000001
2023-03-14,423648,1.9,3.2,2.55
2023-03-15,408274,3.0,6.8,4.9
2023-03-16,392506,5.3,13.2,9.25
2023-03-17,387887,8.3,14.1,11.2
2023-03-18,357175,7.4,10.8,9.100000000000001
2023-03-19,375771,1.0,3.5,2.25
2023-03-20,385241,2.9,10.5,6.7
2023-03-21,372953,7.2,15.6,11.4
2023-03-22,371501,7.6,13.1,10.35
2023-03-23,379278,10.5,14.7,12.6
2023-03-24,370607,8.5,12.8,10.65
2023-03-25,378027,5.4,7.3,6.35
2023-03-26,336512,9.1,14.8,11.95
2023-03-27,378230,7.6,14.6,11.1
2023-03-28,380407,6.3,11.0,8.65
2023-03-29,371904,5.1,10.8,7.95
2023-03-30,383436,3.0,7.3,5.15
2023-03-31,392488,5.7,9.8,7.75
2023-04-01,340462,14.6,19.5,17.05
2023-04-02,335164,6.7,10.4,8.55
2023-04-03,363987,6.9,13.2,10.05
2023-04-04,358409,13.0,18.5,15.75
2023-04-05,369020,11.5,13.4,12.45
2023-04-06,358342,16.4,26.3,21.35
2023-04-07,348795,11.0,13.7,12.35
2023-04-08,333294,5.8,10.2,8.0
2023-04-09,318693,6.2,11.5,8.85
2023-04-10,344926,8.9,17.6,13.25
2023-04-11,346981,14.6,22.8,18.7
2023-04-12,348633,20.2,27.3,23.75
2023-04-13,370935,21.8,30.9,26.35
2023-04-14,384186,21.8,29.4,25.6
2023-04-15,345826,17.4,20.7,19.049999999999997
2023-04-16,330423,15.5,20.7,18.1
2023-04-17,354728,14.2,19.8,17.0
2023-04-18,358331,11.0,14.2,12.6
2023-04-19,359758,10.1,17.3,13.7
2023-04-20,348058,10.2,15.7,12.95
2023-04-21,340097,12.9,18.8,15.850000000000001
2023-04-22,325093,14.0,19.5,16.75
2023-04-23,329118,14.4,19.0,16.7
2023-04-24,353181,11.0,16.0,13.5
2023-04-25,357574,10.1,15.0,12.55
2023-04-26,356268,9.8,13.7,11.75
2023-04-27,353480,10.4,13.3,11.850000000000001
2023-04-28,354173,9.6,12.8,11.2
2023-04-29,347414,10.5,12.0,11.25
2023-04-30,343546,12.5,14.7,13.6
2023-05-01,354241,12.4,15.5,13.95
2023-05-02,362066,10.2,13.2,11.7
2023-05-03,362991,9.2,12.3,10.75
2023-05-04,364282,10.0,14.2,12.1
2023-05-05,347953,11.4,16.9,14.149999999999999
2023-05-06,317453,14.0,20.8,17.4
2023-05-07,319256,16.1,23.6,19.85
2023-05-08,351217,17.9,23.5,20.7
2023-05-09,343182,13.9,19.1,16.5
2023-05-10,343723,14.1,21.0,17.55
2023-05-11,357481,17.6,25.2,21.4
2023-05-12,382667,20.9,29.3,25.1
2023-05-13,361318,21.8,27.2,24.5
2023-05-14,321480,17.4,22.7,20.049999999999997
2023-05-15,353202,17.3,25.1,21.200000000000003
2023-05-16,365366,20.1,27.5,23.8
2023-05-17,349076,14.9,18.5,16.7
2023-05-18,341869,10.9,14.0,12.45
2023-05-19,347304,14.6,19.3,16.95
2023-05-20,340257,15.6,17.4,16.5
2023-05-21,321377,17.1,21.6,19.35
2023-05-22,357179,16.6,22.8,19.700000000000003
2023-05-23,355234,14.3,19.2,16.75
2023-05-24,359851,15.4,21.7,18.55
2023-05-25,344406,14.5,19.0,16.75
2023-05-26,344498,15.9,22.0,18.95
2023-05-27,327519,16.9,24.1,20.5
2023-05-28,331256,17.5,23.4,20.45
2023-05-29,346952,18.3,24.5,21.4
2023-05-30,373798,15.4,20.1,17.75
2023-05-31,389761,15.9,22.4,19.15
2023-06-01,421942,19.3,27.2,23.25
2023-06-02,448046,22.1,30.5,26.3
2023-06-03,368122,18.1,19.9,19.0
2023-06-04,323676,15.3,21.2,18.25
2023-06-05,362634,17.6,23.8,20.700000000000003
2023-06-06,373060,19.3,25.6,22.450000000000003
2023-06-07,364924,18.6,24.9,21.75
2023-06-08,368385,16.6,22.2,19.4
2023-06-09,365957,16.7,22.6,19.65
2023-06-10,345925,18.9,26.1,22.5
2023-06-11,368404,21.0,26.9,23.95
2023-06-12,417727,20.7,23.8,22.25
2023-06-13,403232,20.8,26.2,23.5
2023-06-14,398769,18.3,24.5,21.4
2023-06-15,393562,20.2,26.0,23.1
2023-06-16,399818,19.0,25.6,22.3
2023-06-17,358573,19.8,25.2,22.5
2023-06-18,362553,21.2,26.3,23.75
2023-06-19,407913,20.3,25.0,22.65
2023-06-20,419516,19.3,23.3,21.3
2023-06-21,403538,18.6,22.7,20.65
2023-06-22,397641,17.9,20.8,19.35
2023-06-23,419329,19.6,22.7,21.15
2023-06-24,415226,21.4,25.5,23.45
2023-06-25,436926,22.8,28.3,25.55
2023-06-26,469876,21.6,25.3,23.450000000000003
2023-06-27,450807,21.5,26.1,23.8
2023-06-28,447233,22.6,28.4,25.5
2023-06-29,442343,22.1,28.4,25.25
2023-06-30,460167,22.8,29.0,25.9
2023-07-01,439545,22.3,26.7,24.5
2023-07-02,451059,24.2,31.0,27.6
2023-07-03,497472,25.3,30.9,28.1
2023-07-04,471224,24.5,29.2,26.85
2023-07-05,536105,26.1,32.1,29.1
2023-07-06,563299,25.8,31.1,28.450000000000003
2023-07-07,543441,25.0,29.5,27.25
2023-07-08,494545,25.2,29.4,27.299999999999997
2023-07-09,475684,23.0,26.7,24.85
2023-07-10,496838,24.1,28.5,26.3
2023-07-11,502830,24.6,31.5,28.05
2023-07-12,532334,26.5,32.8,29.65
2023-07-13,547632,26.7,31.7,29.2
2023-07-14,518623,24.2,28.0,26.1
2023-07-15,507765,24.5,29.3,26.9
2023-07-16,497093,23.8,25.8,24.8
2023-07-17,541307,25.3,31.6,28.450000000000003
2023-07-18,526145,24.7,29.4,27.049999999999997
2023-07-19,490114,22.8,27.3,25.05
2023-07-20,501495,23.9,28.3,26.1
2023-07-21,502012,24.1,29.3,26.700000000000003
2023-07-22,449553,23.3,28.2,25.75
2023-07-23,455533,23.7,29.9,26.799999999999997
2023-07-24,506188,24.1,28.5,26.3
2023-07-25,506807,23.0,28.5,25.75
2023-07-26,517627,23.7,29.9,26.799999999999997
2023-07-27,567010,27.0,33.7,30.35
2023-07-28,577616,27.4,34.0,30.7
2023-07-29,529835,27.6,33.7,30.650000000000002
2023-07-30,414495,21.8,26.1,23.950000000000003
2023-07-31,446976,22.5,29.3,25.9
2023-08-01,435324,21.7,26.8,24.25
2023-08-02,427096,20.7,27.5,24.1
2023-08-03,445878,21.3,26.1,23.700000000000003
2023-08-04,459470,22.9,27.3,25.1
2023-08-05,437452,24.2,30.5,27.35
2023-08-06,434358,24.0,29.7,26.85
2023-08-07,493552,24.0,27.5,25.75
2023-08-08,472963,23.7,26.9,25.299999999999997
2023-08-09,469883,24.2,29.3,26.75
2023-08-10,465105,21.8,25.3,23.55
2023-08-11,457084,23.1,29.0,26.05
2023-08-12,444920,22.5,27.9,25.2
2023-08-13,460411,25.1,30.5,27.8
2023-08-14,487917,24.3,30.7,27.5
2023-08-15,481777,23.8,26.8,25.3
2023-08-16,480007,22.7,26.4,24.549999999999997
2023-08-17,479408,22.7,25.5,24.1
2023-08-18,451794,23.5,26.7,25.1
2023-08-19,382469,20.5,26.2,23.35
2023-08-20,409987,22.4,29.7,26.049999999999997
2023-08-21,495605,24.8,30.9,27.85
2023-08-22,440861,21.9,25.9,23.9
2023-08-23,424054,20.2,25.3,22.75
2023-08-24,430894,21.1,24.2,22.65
2023-08-25,452775,23.2,27.8,25.5
2023-08-26,444657,24.5,30.0,27.25
2023-08-27,419960,23.0,28.1,25.55
2023-08-28,444158,21.4,24.8,23.1
2023-08-29,459067,22.4,27.4,24.9
2023-08-30,459840,24.2,29.4,26.799999999999997
2023-08-31,404950,20.3,24.9,22.6
2023-09-01,390399,18.7,24.2,21.45
2023-09-02,379217,19.5,26.7,23.1
2023-09-03,438201,25.0,32.1,28.55
2023-09-04,495882,26.7,33.6,30.15
2023-09-05,567735,27.9,35.1,31.5
2023-09-06,590859,28.7,35.7,32.2
2023-09-07,583530,27.5,35.0,31.25
2023-09-08,531312,24.9,31.5,28.2
2023-09-09,484367,23.5,29.0,26.25
2023-09-10,450864,21.7,24.3,23.0
2023-09-11,480290,22.6,27.4,25.0
2023-09-12,469119,22.8,28.7,25.75
2023-09-13,462646,22.1,26.4,24.25
2023-09-14,416021,20.1,24.8,22.450000000000003
2023-09-15,371734,17.1,21.2,19.15
2023-09-16,347287,18.8,24.2,21.5
2023-09-17,356750,18.1,24.0,21.05
2023-09-18,401057,18.7,21.3,20.0
2023-09-19,379157,17.7,23.2,20.45
2023-09-20,372949,17.0,23.3,20.15
2023-09-21,371396,16.6,22.6,19.6
2023-09-22,368390,17.0,22.2,19.6
2023-09-23,347082,14.9,15.9,15.4
2023-09-24,347665,17.0,19.6,18.3
2023-09-25,369004,15.9,17.1,16.5
2023-09-26,362953,15.0,16.8,15.9
2023-09-27,351547,13.5,17.5,15.5
2023-09-28,358569,14.1,18.5,16.3
2023-09-29,371057,14.9,16.9,15.899999999999999
2023-09-30,343517,16.1,21.5,18.8
2023-10-01,342239,18.7,24.8,21.75
2023-10-02,386038,19.6,25.2,22.4
2023-10-03,398934,19.0,27.2,23.1
2023-10-04,421794,19.8,27.6,23.700000000000003
2023-10-05,407490,17.7,23.8,20.75
2023-10-06,409244,19.6,22.2,20.9
2023-10-07,362531,16.9,20.4,18.65
2023-10-08,324694,12.6,16.7,14.649999999999999
2023-10-09,352285,11.3,15.4,13.350000000000001
2023-10-10,362268,13.1,17.8,15.45
2023-10-11,364173,13.8,20.5,17.15
2023-10-12,360176,13.6,20.8,17.2
2023-10-13,354007,12.6,17.4,15.0
2023-10-14,347869,10.3,11.7,11.0
2023-10-15,336784,11.9,16.4,14.149999999999999
2023-10-16,365421,11.4,17.5,14.45
2023-10-17,367636,12.0,16.6,14.3
2023-10-18,370005,11.9,17.0,14.45
2023-10-19,362798,12.5,17.8,15.15
2023-10-20,372367,15.0,17.1,16.05
2023-10-21,347420,14.3,17.5,15.9
2023-10-22,341587,11.3,13.7,12.5
2023-10-23,364232,10.4,15.9,13.15
2023-10-24,367799,10.4,17.5,13.95
2023-10-25,368089,14.1,21.8,17.95
2023-10-26,372609,16.8,25.7,21.25
2023-10-27,372224,17.3,24.4,20.85
2023-10-28,354555,20.4,26.8,23.6
2023-10-29,350128,12.5,16.0,14.25
2023-10-30,381897,13.6,18.9,16.25
2023-10-31,376276,8.9,10.4,9.65
2023-11-01,391850,6.5,9.5,8.0
2023-11-02,393357,4.1,9.5,6.8
2023-11-03,376754,6.3,12.9,9.6
2023-11-04,353806,8.4,14.8,11.600000000000001
2023-11-05,356806,10.2,16.8,13.5
2023-11-06,380687,7.8,11.9,9.85
2023-11-07,377906,13.7,20.1,16.9
2023-11-08,383652,7.2,10.6,8.9
2023-11-09,393383,9.0,15.1,12.05
2023-11-10,386341,7.9,10.5,9.2
2023-11-11,363503,7.0,12.0,9.5
2023-11-12,369083,2.7,6.9,4.800000000000001
2023-11-13,402867,2.9,8.7,5.8
2023-11-14,397633,5.9,11.0,8.45
2023-11-15,390690,4.7,10.6,7.65
2023-11-16,379487,8.6,17.6,13.100000000000001
2023-11-17,376382,11.4,19.3,15.350000000000001
2023-11-18,353161,9.8,13.0,11.4
2023-11-19,361956,5.8,12.2,9.0
2023-11-20,398738,3.0,6.9,4.95
2023-11-21,422208,3.6,8.2,5.8999999999999995
2023-11-22,399455,11.0,14.2,12.6
2023-11-23,357208,7.8,11.0,9.4
2023-11-24,374717,5.0,9.6,7.3
2023-11-25,385287,0.2,4.0,2.1
2023-11-26,381840,4.0,10.3,7.15
2023-11-27,402302,7.2,12.6,9.9
2023-11-28,431182,0.7,3.7,2.2
2023-11-29,441816,-1.4,2.4,0.5
2023-11-30,414521,2.8,9.4,6.1
2023-12-01,410305,4.8,7.6,6.199999999999999
2023-12-02,378264,8.6,16.0,12.3
2023-12-03,381390,8.3,9.9,9.100000000000001
2023-12-04,403910,7.1,10.7,8.899999999999999
2023-12-05,420938,3.6,6.4,5.0
2023-12-06,431962,1.3,4.8,3.05
2023-12-07,442171,0.0,3.3,1.65
2023-12-08,412205,2.8,8.9,5.85
2023-12-09,373711,6.5,13.3,9.9
2023-12-10,376182,11.6,16.8,14.2
2023-12-11,419515,5.7,13.9,9.8
2023-12-12,416767,1.9,6.0,3.95
2023-12-13,422306,2.8,7.3,5.05
2023-12-14,429718,0.3,4.4,2.35
2023-12-15,406664,4.2,12.3,8.25
2023-12-16,376701,5.8,11.3,8.55
2023-12-17,380944,9.3,12.9,11.100000000000001
2023-12-18,403894,11.4,15.4,13.4
2023-12-19,428070,2.7,5.9,4.300000000000001
2023-12-20,435155,1.1,7.4,4.25
2023-12-21,429908,0.7,4.2,2.45
2023-12-22,436126,-2.3,2.5,0.10000000000000009
2023-12-23,411441,0.4,5.8,3.1
2023-12-24,384835,4.1,8.5,6.3
2023-12-25,360649,5.7,11.4,8.55
2023-12-26,391138,4.6,7.5,6.05
2023-12-27,394055,6.7,8.8,7.75
2023-12-28,389848,9.7,11.5,10.6
2023-12-29,384132,9.3,13.2,11.25
2023-12-30,382382,5.1,7.8,6.449999999999999
2023-12-31,390049,2.6,6.3,4.45
2024-01-01,387760,3.3,7.4,5.35
2024-01-02,423513,-0.2,5.5,2.65
2024-01-03,427709,1.2,7.5,4.35
2024-01-04,430238,1.8,6.6,4.2
2024-01-05,443452,-2.0,2.9,0.44999999999999996
2024-01-06,426204,-1.3,2.5,0.6
2024-01-07,418058,1.3,2.3,1.7999999999999998
2024-01-08,429591,1.2,6.1,3.65
2024-01-09,435703,3.0,12.4,7.7
2024-01-10,410623,9.0,13.6,11.3
2024-01-11,416354,4.3,7.9,6.1
2024-01-12,406979,3.8,7.9,5.85
2024-01-13,389538,8.9,14.4,11.65
2024-01-14,411754,-0.1,6.1,3.0
2024-01-15,450200,-3.7,-1.0,-2.35
2024-01-16,470943,-3.0,-1.1,-2.05
2024-01-17,461496,-6.7,-4.4,-5.550000000000001
2024-01-18,483811,-3.7,0.2,-1.75
2024-01-19,475271,-2.7,-1.1,-1.9000000000000001
2024-01-20,473397,-6.3,-3.6,-4.95
2024-01-21,463436,-5.2,-1.4,-3.3
2024-01-22,468156,-2.7,3.4,0.34999999999999987
2024-01-23,446742,0.8,4.3,2.55
2024-01-24,434340,2.6,5.3,3.95
2024-01-25,411051,8.6,11.1,9.85
2024-01-26,415228,5.9,8.1,7.0
2024-01-27,391839,5.1,8.3,6.7
2024-01-28,404502,3.1,4.0,3.55
2024-01-29,438516,2.7,5.6,4.15
2024-01-30,442912,0.2,4.1,2.15
2024-01-31,435711,1.9,4.2,3.05
2024-02-01,427766,2.0,8.8,5.4
2024-02-02,422726,3.5,5.8,4.65
2024-02-03,394338,0.9,5.8,3.35
2024-02-04,388873,0.7,7.3,4.0
2024-02-05,418621,0.7,6.8,3.75
2024-02-06,423078,-0.5,5.4,2.45
2024-02-07,419883,1.3,7.9,4.6000000000000005
2024-02-08,403921,1.9,9.8,5.8500000000000005
2024-02-09,390065,5.0,11.1,8.05
2024-02-10,366403,8.0,15.6,11.8
2024-02-11,375216,6.6,8.8,7.7
2024-02-12,408515,3.7,8.9,6.300000000000001
2024-02-13,427326,0.7,3.2,1.9500000000000002
2024-02-14,436800,-2.2,0.1,-1.05
2024-02-15,441473,-1.2,2.6,0.7000000000000001
2024-02-16,426724,1.1,4.8,2.95
2024-02-17,421321,-1.2,2.0,0.4
2024-02-18,418952,-2.2,4.7,1.25
2024-02-19,415805,-0.6,3.9,1.65
2024-02-20,428184,-2.9,2.1,-0.3999999999999999
2024-02-21,418196,-1.4,4.3,1.45
2024-02-22,416491,0.8,6.6,3.6999999999999997
2024-02-23,401186,4.3,8.0,6.15
2024-02-24,388729,2.0,5.3,3.65
2024-02-25,393214,-2.4,3.8,0.7
2024-02-26,395371,3.1,11.2,7.1499999999999995
2024-02-27,385408,7.4,13.7,10.55
2024-02-28,396623,13.4,16.9,15.149999999999999
2024-02-29,421602,0.8,6.5,3.65
2024-03-01,402317,0.6,5.7,3.15
2024-03-02,386945,6.4,9.9,8.15
2024-03-03,351663,11.4,18.5,14.95
2024-03-04,367679,8.0,14.1,11.05
2024-03-05,384689,6.3,8.2,7.25
2024-03-06,389117,6.9,9.6,8.25
2024-03-07,381120,9.5,12.4,10.95
2024-03-08,367479,5.8,12.2,9.0
2024-03-09,379781,5.0,7.7,6.35
2024-03-10,359499,7.0,10.6,8.8
2024-03-11,396162,4.8,9.9,7.35
2024-03-12,368076,9.0,17.3,13.15
2024-03-13,359800,8.5,15.2,11.85
2024-03-14,357131,11.4,21.0,16.2
2024-03-15,366545,14.7,21.4,18.049999999999997
2024-03-16,335411,9.1,14.1,11.6
2024-03-17,336793,10.7,15.6,13.149999999999999
2024-03-18,382298,6.5,9.0,7.75
2024-03-19,393405,3.3,7.3,5.3
2024-03-20,397710,5.7,11.7,8.7
2024-03-21,410406,0.6,5.3,2.9499999999999997
2024-03-22,415370,0.7,5.4,3.0500000000000003
2024-03-23,401240,5.5,9.8,7.65
2024-03-24,374124,2.4,8.4,5.4
2024-03-25,383981,3.8,10.0,6.9
2024-03-26,385561,5.4,9.7,7.55
2024-03-27,383448,7.2,10.7,8.95
2024-03-28,385640,8.3,10.5,9.4
2024-03-29,368971,7.2,12.4,9.8
2024-03-30,344454,7.9,14.4,11.15
2024-03-31,324834,10.2,16.0,13.1
2024-04-01,367507,8.2,12.4,10.3
2024-04-02,387097,7.1,8.7,7.8999999999999995
2024-04-03,407045,5.5,6.7,6.1
2024-04-04,397689,5.4,9.0,7.2
2024-04-05,388378,5.2,9.3,7.25
2024-04-06,356074,6.6,11.3,8.95
2024-04-07,331645,6.9,14.1,10.5
2024-04-08,359559,8.7,17.8,13.25
2024-04-09,346768,13.9,23.8,18.85
2024-04-10,355212,12.0,15.7,13.85
2024-04-11,365841,12.2,16.9,14.549999999999999
2024-04-12,362000,15.3,19.4,17.35
2024-04-13,348744,9.4,11.9,10.65
2024-04-14,335281,14.0,22.0,18.0
2024-04-15,350306,18.0,24.5,21.25
2024-04-16,339492,14.1,20.3,17.2
2024-04-17,356408,10.4,15.4,12.9
2024-04-18,374256,8.3,9.1,8.7
2024-04-19,358950,8.3,13.0,10.65
2024-04-20,332701,12.7,19.9,16.299999999999997
2024-04-21,338783,7.4,11.8,9.600000000000001
2024-04-22,342465,8.5,14.8,11.65
2024-04-23,342348,9.0,14.6,11.8
2024-04-24,355440,13.3,21.2,17.25
2024-04-25,343892,7.4,12.1,9.75
2024-04-26,339869,7.8,14.3,11.05
2024-04-27,326116,8.8,14.3,11.55
2024-04-28,325176,15.1,22.6,18.85
2024-04-29,367015,19.6,28.1,23.85
2024-04-30,357614,15.2,22.7,18.95
2024-05-01,350558,15.2,24.5,19.85
2024-05-02,349936,18.1,27.6,22.85
2024-05-03,341940,13.4,17.0,15.2
2024-05-04,322139,11.3,16.3,13.8
2024-05-05,337959,10.4,11.8,11.100000000000001
2024-05-06,350571,16.5,22.4,19.45
2024-05-07,351355,18.9,25.9,22.4
2024-05-08,377331,22.8,30.6,26.700000000000003
2024-05-09,361010,17.2,20.8,19.0
2024-05-10,355509,10.4,14.8,12.600000000000001
2024-05-11,318881,11.2,16.3,13.75
2024-05-12,322479,10.3,13.2,11.75
2024-05-13,347954,12.7,19.8,16.25
2024-05-14,354711,16.1,22.3,19.200000000000003
2024-05-15,367413,15.5,19.5,17.5
2024-05-16,363810,16.3,18.8,17.55
2024-05-17,358677,17.2,22.4,19.799999999999997
2024-05-18,336962,16.4,22.6,19.5
2024-05-19,336057,16.5,23.1,19.8
2024-05-20,377636,16.1,23.6,19.85
2024-05-21,408914,18.9,26.9,22.9
2024-05-22,434377,21.8,28.3,25.05
2024-05-23,424937,22.5,26.9,24.7
2024-05-24,414012,22.3,29.1,25.700000000000003
2024-05-25,375230,19.4,25.8,22.6
2024-05-26,382548,19.8,25.8,22.8
2024-05-27,398974,19.0,22.3,20.65
2024-05-28,415978,21.8,26.9,24.35
2024-05-29,393945,18.8,24.9,21.85
2024-05-30,368523,17.4,21.5,19.45
2024-05-31,365780,18.4,24.8,21.6
2024-06-01,360183,20.6,27.9,24.25
2024-06-02,378133,20.8,27.1,23.950000000000003
2024-06-03,448343,23.4,29.8,26.6
2024-06-04,455096,20.6,25.4,23.0
2024-06-05,461009,20.1,26.0,23.05
2024-06-06,475275,22.9,27.5,25.2
2024-06-07,437779,22.8,28.3,25.55
2024-06-08,379216,20.2,25.1,22.65
2024-06-09,372919,20.2,25.2,22.7
2024-06-10,397209,19.2,24.2,21.7
2024-06-11,396022,18.7,23.1,20.9
2024-06-12,400073,19.7,25.6,22.65
2024-06-13,437863,21.6,28.8,25.200000000000003
2024-06-14,460500,23.0,29.4,26.2
2024-06-15,392856,21.6,27.2,24.4
2024-06-16,373330,19.0,23.8,21.4
2024-06-17,472702,22.6,29.3,25.950000000000003
2024-06-18,528597,24.8,29.7,27.25
2024-06-19,543998,24.7,30.9,27.799999999999997
2024-06-20,560371,26.2,33.2,29.700000000000003
2024-06-21,569747,27.7,35.3,31.5
2024-06-22,535052,26.9,34.4,30.65
2024-06-23,528587,29.1,36.1,32.6
2024-06-24,487872,25.1,27.0,26.05
2024-06-25,488333,26.2,33.6,29.9
2024-06-26,525513,28.2,35.6,31.9
2024-06-27,474388,25.0,30.2,27.6
2024-06-28,413704,20.0,25.2,22.6
2024-06-29,428966,22.9,26.7,24.799999999999997
2024-06-30,459818,26.1,33.2,29.650000000000002
2024-07-01,431153,21.7,26.7,24.2
2024-07-02,442764,22.5,28.5,25.5
2024-07-03,464048,22.6,27.9,25.25
2024-07-04,468304,24.6,30.3,27.450000000000003
2024-07-05,535062,26.7,32.0,29.35
2024-07-06,524043,27.9,33.0,30.45
2024-07-07,521388,27.7,32.4,30.049999999999997
2024-07-08,575041,26.8,32.8,29.799999999999997
2024-07-09,584881,26.8,30.8,28.8
2024-07-10,596679,27.9,31.9,29.9
2024-07-11,560345,27.8,34.3,31.049999999999997
2024-07-12,537021,25.0,29.3,27.15
2024-07-13,514810,25.2,30.6,27.9
2024-07-14,519002,26.8,31.2,29.0
2024-07-15,582246,28.6,35.0,31.8
2024-07-16,592567,28.7,35.0,31.85
2024-07-17,572022,27.2,31.9,29.549999999999997
2024-07-18,523047,25.5,30.7,28.1
2024-07-19,474958,23.6,28.7,26.15
2024-07-20,457240,23.9,28.6,26.25
2024-07-21,482653,25.7,31.2,28.45
2024-07-22,526457,24.5,28.2,26.35
2024-07-23,515697,24.4,29.4,26.9
2024-07-24,522291,24.4,29.3,26.85
2024-07-25,504415,24.9,30.5,27.7
2024-07-26,459510,23.7,29.2,26.45
2024-07-27,446802,24.1,29.8,26.950000000000003
2024-07-28,457041,24.3,31.3,27.8
2024-07-29,512723,24.8,29.3,27.05
2024-07-30,549083,26.1,31.9,29.0
2024-07-31,565967,25.8,31.8,28.8
2024-08-01,578337,27.4,34.7,31.05
2024-08-02,580016,27.1,32.8,29.95
2024-08-03,536896,26.7,32.9,29.799999999999997
2024-08-04,501763,24.3,28.1,26.200000000000003
2024-08-05,544649,26.5,31.8,29.15
2024-08-06,537462,25.6,32.4,29.0
2024-08-07,448992,20.9,22.5,21.7
2024-08-08,437163,20.5,23.2,21.85
2024-08-09,498953,24.6,28.3,26.450000000000003
2024-08-10,459300,25.1,29.3,27.200000000000003
2024-08-11,421810,22.9,27.3,25.1
2024-08-12,436269,21.7,26.2,23.95
2024-08-13,436644,21.4,26.9,24.15
2024-08-14,465624,22.8,28.3,25.55
2024-08-15,480985,23.8,30.1,26.950000000000003
2024-08-16,492956,23.9,30.2,27.049999999999997
2024-08-17,462051,23.2,26.3,24.75
2024-08-18,454911,22.6,25.5,24.05
2024-08-19,477779,22.7,28.3,25.5
2024-08-20,401830,18.9,22.3,20.6
2024-08-21,382126,17.7,22.5,20.1
2024-08-22,389306,18.7,24.4,21.549999999999997
2024-08-23,407431,20.4,27.3,23.85
2024-08-24,405102,21.8,29.7,25.75
2024-08-25,425264,22.8,30.0,26.4
2024-08-26,475589,23.1,29.7,26.4
2024-08-27,487564,23.1,29.7,26.4
2024-08-28,539447,27.0,34.0,30.5
2024-08-29,475354,23.1,26.8,24.950000000000003
2024-08-30,437924,20.5,23.7,22.1
2024-08-31,429079,21.5,25.6,23.55
2024-09-01,436966,24.0,28.9,26.45
2024-09-02,394828,21.6,26.0,23.8
2024-09-03,382423,17.5,22.8,20.15
2024-09-04,392797,18.2,24.9,21.549999999999997
2024-09-05,401446,18.7,25.4,22.049999999999997
2024-09-06,415105,19.8,26.3,23.05
2024-09-07,387435,19.6,24.3,21.950000000000003
2024-09-08,338759,16.2,21.6,18.9
2024-09-09,377879,17.8,24.8,21.3
2024-09-10,388966,19.3,25.9,22.6
2024-09-11,389353,18.3,25.3,21.8
2024-09-12,408416,19.3,26.1,22.700000000000003
2024-09-13,420936,19.7,27.2,23.45
2024-09-14,411903,21.6,29.4,25.5
2024-09-15,404636,20.7,27.9,24.299999999999997
2024-09-16,415597,18.7,25.5,22.1
2024-09-17,422263,19.9,27.0,23.45
2024-09-18,421286,20.4,23.6,22.0
2024-09-19,434128,22.5,29.5,26.0
2024-09-20,429269,21.8,27.5,24.65
2024-09-21,387404,20.1,26.9,23.5
2024-09-22,372482,18.6,25.1,21.85
2024-09-23,389014,17.0,20.9,18.95
2024-09-24,376808,17.2,20.0,18.6
2024-09-25,384115,17.7,20.5,19.1
2024-09-26,406784,20.1,23.1,21.6
2024-09-27,393654,20.2,22.1,21.15
2024-09-28,368122,17.7,19.8,18.75
2024-09-29,360454,17.0,18.4,17.7
2024-09-30,380784,17.9,22.7,20.299999999999997
2024-10-01,378816,17.3,22.0,19.65
2024-10-02,374092,16.1,20.5,18.3
2024-10-03,369088,17.7,22.1,19.9
2024-10-04,370991,17.3,23.2,20.25
2024-10-05,346119,18.5,23.8,21.15
2024-10-06,337242,15.8,21.6,18.700000000000003
2024-10-07,375050,18.4,23.4,20.9
2024-10-08,358371,15.3,20.7,18.0
2024-10-09,328198,14.7,20.0,17.35
2024-10-10,360125,12.1,17.8,14.95
2024-10-11,354992,13.3,20.9,17.1
2024-10-12,327886,17.3,22.9,20.1
2024-10-13,349858,16.5,23.4,19.95
2024-10-14,373774,13.4,19.3,16.35
2024-10-15,370140,9.6,14.5,12.05
2024-10-16,371418,9.7,15.3,12.5
2024-10-17,365921,9.2,15.0,12.1
2024-10-18,359360,12.0,19.3,15.65
2024-10-19,334870,12.9,21.4,17.15
2024-10-20,330021,14.1,24.4,19.25
2024-10-21,363870,17.1,27.6,22.35
2024-10-22,373493,18.7,27.5,23.1
2024-10-23,376031,17.5,25.1,21.3
2024-10-24,366182,16.1,20.5,18.3
2024-10-25,361117,11.7,17.9,14.799999999999999
2024-10-26,337178,13.3,18.1,15.700000000000001
2024-10-27,340857,9.4,14.6,12.0
2024-10-28,369182,9.1,16.0,12.55
2024-10-29,380778,12.6,17.3,14.95
2024-10-30,369942,17.1,25.7,21.4
2024-10-31,376387,19.7,28.0,23.85
2024-11-01,380282,20.8,26.4,23.6
2024-11-02,345239,12.0,15.7,13.85
2024-11-03,358226,7.3,13.0,10.15
2024-11-04,385333,8.9,14.1,11.5
2024-11-05,371794,15.4,22.3,18.85
2024-11-06,386179,20.7,26.7,23.7
2024-11-07,378476,17.9,22.8,20.35
2024-11-08,367491,13.3,20.4,16.85
2024-11-09,344838,8.5,12.8,10.65
2024-11-10,355474,8.5,14.2,11.35
2024-11-11,374033,15.6,20.8,18.2
2024-11-12,377863,9.5,11.9,10.7
2024-11-13,387730,4.9,8.9,6.9
2024-11-14,400435,4.5,7.6,6.05
2024-11-15,386291,8.1,14.5,11.3
2024-11-16,354835,10.4,16.2,13.3
2024-11-17,353747,11.1,17.8,14.45
2024-11-18,371605,12.2,17.7,14.95
2024-11-19,376740,10.6,14.5,12.55
2024-11-20,378483,11.6,15.7,13.649999999999999
2024-11-21,394330,8.4,12.0,10.2
2024-11-22,406854,3.3,4.7,4.0
2024-11-23,374705,5.5,8.6,7.05
2024-11-24,368594,7.9,10.7,9.3
2024-11-25,386591,6.5,10.6,8.55
2024-11-26,395848,10.5,14.6,12.55
2024-11-27,389193,5.7,10.1,7.9
2024-11-28,380960,6.6,11.5,9.05
2024-11-29,387608,3.7,7.6,5.65
2024-11-30,398752,0.1,3.3,1.7
2024-12-01,412709,-1.3,2.5,0.6
2024-12-02,439637,-0.7,3.7,1.5
2024-12-03,440665,0.6,4.9,2.75
2024-12-04,447651,-0.0,3.6,1.8
2024-12-05,445660,2.0,4.4,3.2
2024-12-06,452742,-1.3,-0.1,-0.7000000000000001
2024-12-07,426283,0.4,4.4,2.4000000000000004
2024-12-08,403297,5.4,11.1,8.25
2024-12-09,424459,5.3,10.2,7.75
2024-12-10,415010,7.9,10.8,9.350000000000001
2024-12-11,412993,12.7,15.9,14.3
2024-12-12,433378,1.4,4.9,3.1500000000000004
2024-12-13,453408,-2.6,0.0,-1.3
2024-12-14,434485,-2.9,0.4,-1.25
2024-12-15,432459,-1.4,2.8,0.7
2024-12-16,434083,5.2,9.3,7.25
2024-12-17,406974,10.6,14.5,12.55
2024-12-18,413074,6.1,9.7,7.8999999999999995
2024-12-19,425504,4.2,6.5,5.35
2024-12-20,450901,0.7,2.3,1.5
2024-12-21,454146,-2.9,0.1,-1.4
2024-12-22,478530,-9.3,-7.2,-8.25
2024-12-23,499812,-10.4,-4.2,-7.300000000000001
2024-12-24,452742,-1.9,1.2,-0.35
2024-12-25,421329,-3.1,-0.1,-1.6
2024-12-26,452405,-5.2,-0.5,-2.85
2024-12-27,446691,-4.1,1.8,-1.15
2024-12-28,407169,3.8,7.0,5.4
2024-12-29,384030,9.3,15.9,12.600000000000001
2024-12-30,389721,11.2,12.8,12.0
2024-12-31,387803,6.0,9.5,7.75
2025-01-01,386468,7.2,10.7,8.95
2025-01-02,433967,2.4,5.2,3.8
2025-01-03,443961,0.2,3.0,1.6
2025-01-04,444490,-1.7,-0.3,-1.0
2025-01-05,444306,-2.4,0.1,-1.15
2025-01-06,478157,-2.6,-1.8,-2.2
2025-01-07,489499,-5.4,-3.2,-4.300000000000001
2025-01-08,491538,-4.5,-2.7,-3.6
2025-01-09,490373,-4.4,-1.7,-3.0500000000000003
2025-01-10,457755,-1.1,3.1,1.0
2025-01-11,439882,-1.4,0.2,-0.6
2025-01-12,420996,0.4,4.6,2.5
2025-01-13,450534,1.0,6.4,3.7
2025-01-14,460618,-1.9,0.1,-0.8999999999999999
2025-01-15,429499,-3.6,-1.3,-2.45
2025-01-16,471935,-3.4,-0.8,-2.1
2025-01-17,452520,-0.9,4.8,1.95
2025-01-18,423690,2.6,6.3,4.45
2025-01-19,425620,0.5,2.4,1.45
2025-01-20,476314,-7.3,-2.8,-5.05
2025-01-21,507458,-11.6,-8.6,-10.1
2025-01-22,512469,-12.0,-8.4,-10.2
2025-01-23,493684,-8.8,-3.7,-6.25
2025-01-24,479623,-6.6,-1.3,-3.9499999999999997
2025-01-25,456690,-7.2,-2.2,-4.7
2025-01-26,433362,-1.3,3.9,1.2999999999999998
2025-01-27,445832,-1.5,1.8,0.15000000000000002
2025-01-28,446129,0.4,4.2,2.3000000000000003
2025-01-29,444445,3.8,8.9,6.35
2025-01-30,456746,-2.2,0.8,-0.7000000000000001
2025-01-31,444812,3.4,6.0,4.7
2025-02-01,427318,0.5,6.0,3.25
2025-02-02,458769,-4.7,1.1,-1.8
2025-02-03,443795,1.6,5.9,3.75
2025-02-04,433662,3.4,5.9,4.65
2025-02-05,450687,-1.7,1.6,-0.04999999999999993
2025-02-06,466398,0.9,4.2,2.5500000000000003
2025-02-07,437921,1.1,4.9,3.0
2025-02-08,435101,-2.1,0.9,-0.6000000000000001
2025-02-09,437321,-0.4,1.2,0.39999999999999997
2025-02-10,450779,-2.3,0.3,-0.9999999999999999
2025-02-11,462141,-4.4,-0.4,-2.4000000000000004
2025-02-12,461393,-0.9,0.2,-0.35
2025-02-13,449773,3.1,7.0,5.05
2025-02-14,442568,-1.3,0.8,-0.25
2025-02-15,442916,-1.2,1.5,0.15000000000000002
2025-02-16,428955,2.7,7.2,4.95
2025-02-17,450724,-1.8,0.7,-0.55
2025-02-18,476969,-5.5,-3.2,-4.35
2025-02-19,475123,-5.4,-1.3,-3.35
2025-02-20,475569,-5.1,-1.3,-3.1999999999999997
2025-02-21,466908,-4.2,-0.5,-2.35
2025-02-22,424577,-2.4,3.5,0.55
2025-02-23,407668,2.3,7.7,5.0
2025-02-24,414863,3.2,8.1,5.65
2025-02-25,409251,6.9,12.3,9.600000000000001
2025-02-26,390557,6.9,13.6,10.25
2025-02-27,413497,8.3,11.9,10.100000000000001
2025-02-28,395168,5.9,9.5,7.7
2025-03-01,391122,6.8,15.8,11.3
2025-03-02,417602,-3.6,0.4,-1.6
2025-03-03,430754,-1.8,3.5,0.85
2025-03-04,420282,4.6,12.7,8.649999999999999
2025-03-05,407344,9.5,12.4,10.95
2025-03-06,403469,9.4,12.0,10.7
2025-03-07,406048,3.6,8.0,5.8
2025-03-08,379947,3.4,6.0,4.7
2025-03-10,368767,9.3,16.9,13.1
2025-03-11,360839,9.3,15.9,12.600000000000001
2025-03-12,380035,7.2,11.1,9.15
2025-03-13,374367,5.5,10.2,7.85
2025-03-14,362794,5.8,12.7,9.25
2025-03-15,353508,6.4,9.0,7.7
2025-03-16,350585,12.5,15.7,14.1
2025-03-17,383316,11.4,14.6,13.0
2025-03-18,367109,6.6,13.9,10.25
2025-03-19,354325,7.9,14.0,10.95
2025-03-20,365904,7.6,9.9,8.75
2025-03-21,360106,6.3,9.1,7.699999999999999
2025-03-22,354942,8.1,16.2,12.149999999999999
2025-03-23,351612,2.9,8.1,5.5
2025-03-24,398827,6.9,10.4,8.65
2025-03-25,378674,9.1,14.0,11.55
2025-03-26,383131,5.8,10.0,7.9
2025-03-27,371568,4.4,9.7,7.05
2025-03-28,373815,9.9,15.5,12.7
2025-03-29,356584,15.8,26.1,20.950000000000003
2025-03-30,360251,8.5,13.7,11.1
2025-03-31,370439,16.4,23.8,20.1
2025-04-01,358784,8.6,15.8,12.2
2025-04-02,387527,NaN,8.3,NaN
2025-04-03,377519,NaN,NaN,NaN
