latitude,longitude,elevation,utc_offset_seconds,timezone,timezone_abbreviation
40.738136,-74.04254,51.0,-14400,America/New_York,GMT-4

time,temperature_2m_mean (°C),temperature_2m_max (°C)
2020-01-01,2.1,4.2
2020-01-02,2.3,8.8
2020-01-03,6.3,9.2
2020-01-04,7.5,9.9
2020-01-05,2.5,5.0
2020-01-06,2.6,7.5
2020-01-07,2.4,5.9
2020-01-08,0.8,4.9
2020-01-09,-2.3,0.4
2020-01-10,4.8,11.0
2020-01-11,13.6,18.2
2020-01-12,14.6,18.6
2020-01-13,4.7,8.7
2020-01-14,4.0,6.6
2020-01-15,5.5,9.2
2020-01-16,5.5,8.5
2020-01-17,-3.3,0.6
2020-01-18,-3.3,2.3
2020-01-19,2.6,6.9
2020-01-20,-4.1,-1.0
2020-01-21,-3.7,1.0
2020-01-22,-2.4,2.8
2020-01-23,-0.2,6.8
2020-01-24,2.7,9.4
2020-01-25,4.9,9.5
2020-01-26,3.8,7.7
2020-01-27,3.1,7.1
2020-01-28,2.8,5.3
2020-01-29,0.5,4.2
2020-01-30,-2.1,1.1
2020-01-31,2.0,6.2
2020-02-01,2.4,5.4
2020-02-02,2.6,6.0
2020-02-03,5.6,12.3
2020-02-04,6.9,13.0
2020-02-05,4.8,8.9
2020-02-06,4.1,6.4
2020-02-07,4.8,13.8
2020-02-08,0.7,4.7
2020-02-09,1.2,6.4
2020-02-10,5.3,8.7
2020-02-11,6.0,7.4
2020-02-12,4.2,7.1
2020-02-13,4.1,6.4
2020-02-14,-1.3,2.8
2020-02-15,-5.7,-1.8
2020-02-16,1.4,7.5
2020-02-17,3.5,9.6
2020-02-18,4.3,9.1
2020-02-19,4.7,7.9
2020-02-20,-0.5,3.1
2020-02-21,-2.9,1.6
2020-02-22,1.5,8.7
2020-02-23,4.0,11.7
2020-02-24,5.2,12.7
2020-02-25,7.2,9.9
2020-02-26,7.1,10.1
2020-02-27,4.2,8.4
2020-02-28,0.4,4.8
2020-02-29,-1.3,2.4
2020-03-01,-0.2,6.7
2020-03-02,6.2,13.4
2020-03-03,9.3,13.4
2020-03-04,8.5,13.0
2020-03-05,5.2,10.4
2020-03-06,3.9,7.0
2020-03-07,3.7,8.1
2020-03-08,5.3,13.7
2020-03-09,11.1,20.0
2020-03-10,12.3,15.7
2020-03-11,8.2,12.4
2020-03-12,5.7,8.8
2020-03-13,12.4,19.5
2020-03-14,8.1,12.3
2020-03-15,6.7,11.1
2020-03-16,2.7,6.5
2020-03-17,6.8,12.0
2020-03-18,6.1,9.9
2020-03-19,8.1,12.4
2020-03-20,14.5,23.5
2020-03-21,8.3,17.0
2020-03-22,2.4,5.8
2020-03-23,2.7,5.2
2020-03-24,6.3,13.9
2020-03-25,5.1,7.7
2020-03-26,6.5,13.7
2020-03-27,11.9,18.0
2020-03-28,7.7,9.8
2020-03-29,8.5,11.6
2020-03-30,7.5,11.7
2020-03-31,5.8,8.3
2020-04-01,6.8,12.4
2020-04-02,8.1,13.4
2020-04-03,8.1,10.1
2020-04-04,9.4,14.3
2020-04-05,10.0,15.8
2020-04-06,11.7,17.3
2020-04-07,11.4,17.0
2020-04-08,12.8,18.8
2020-04-09,9.8,16.3
2020-04-10,6.2,9.1
2020-04-11,6.7,11.1
2020-04-12,9.4,15.3
2020-04-13,14.7,18.6
2020-04-14,10.1,13.3
2020-04-15,7.3,10.8
2020-04-16,6.1,8.8
2020-04-17,4.8,10.2
2020-04-18,6.2,8.6
2020-04-19,8.6,15.4
2020-04-20,9.1,11.8
2020-04-21,8.8,15.4
2020-04-22,4.9,9.4
2020-04-23,5.3,9.7
2020-04-24,7.1,8.9
2020-04-25,9.2,16.5
2020-04-26,7.8,9.4
2020-04-27,6.1,8.1
2020-04-28,9.3,17.5
2020-04-29,8.7,13.5
2020-04-30,12.6,15.3
2020-05-01,13.9,18.4
2020-05-02,15.1,21.4
2020-05-03,17.5,24.5
2020-05-04,15.0,20.0
2020-05-05,10.5,14.9
2020-05-06,8.6,11.5
2020-05-07,11.5,16.9
2020-05-08,8.5,10.8
2020-05-09,4.6,8.0
2020-05-10,9.3,15.9
2020-05-11,10.2,14.9
2020-05-12,9.2,14.7
2020-05-13,9.3,15.7
2020-05-14,11.4,16.2
2020-05-15,20.2,27.6
2020-05-16,19.1,23.3
2020-05-17,13.3,16.4
2020-05-18,14.7,20.2
2020-05-19,14.0,18.2
2020-05-20,12.2,17.1
2020-05-21,11.3,15.9
2020-05-22,16.3,22.0
2020-05-23,16.1,20.2
2020-05-24,13.8,18.7
2020-05-25,15.2,19.8
2020-05-26,16.7,21.7
2020-05-27,17.4,22.1
2020-05-28,18.8,22.8
2020-05-29,22.1,25.7
2020-05-30,22.2,26.0
2020-05-31,16.3,20.4
2020-06-01,14.7,19.5
2020-06-02,17.4,21.5
2020-06-03,21.2,28.7
2020-06-04,22.7,29.0
2020-06-05,21.6,24.1
2020-06-06,24.1,29.3
2020-06-07,19.8,24.5
2020-06-08,19.2,25.3
2020-06-09,22.8,30.3
2020-06-10,22.9,26.8
2020-06-11,23.9,28.3
2020-06-12,23.5,28.4
2020-06-13,18.8,22.7
2020-06-14,16.6,22.0
2020-06-15,17.8,22.6
2020-06-16,18.5,24.1
2020-06-17,18.8,24.5
2020-06-18,19.8,23.4
2020-06-19,21.3,24.8
2020-06-20,22.7,27.0
2020-06-21,23.4,27.5
2020-06-22,25.2,30.4
2020-06-23,24.2,27.7
2020-06-24,25.5,30.0
2020-06-25,23.4,28.5
2020-06-26,24.1,30.2
2020-06-27,23.1,26.4
2020-06-28,24.1,28.7
2020-06-29,24.1,29.0
2020-06-30,22.1,25.4
2020-07-01,22.5,26.5
2020-07-02,25.2,31.7
2020-07-03,26.2,31.5
2020-07-04,23.6,28.8
2020-07-05,25.9,32.4
2020-07-06,26.0,32.6
2020-07-07,23.9,26.6
2020-07-08,25.0,28.1
2020-07-09,25.3,29.6
2020-07-10,23.2,24.3
2020-07-11,24.8,28.2
2020-07-12,25.7,30.9
2020-07-13,25.7,31.1
2020-07-14,24.4,28.1
2020-07-15,22.9,25.2
2020-07-16,21.9,24.0
2020-07-17,24.0,29.2
2020-07-18,26.1,32.6
2020-07-19,27.4,33.7
2020-07-20,29.7,35.7
2020-07-21,26.7,31.7
2020-07-22,27.3,31.7
2020-07-23,25.8,31.0
2020-07-24,24.0,25.8
2020-07-25,25.5,29.8
2020-07-26,28.0,34.1
2020-07-27,28.8,35.4
2020-07-28,28.9,34.1
2020-07-29,27.0,31.2
2020-07-30,27.7,32.4
2020-07-31,24.4,27.0
2020-08-01,25.1,29.4
2020-08-02,26.2,28.9
2020-08-03,27.0,31.5
2020-08-04,24.4,26.6
2020-08-05,25.6,30.6
2020-08-06,22.1,25.3
2020-08-07,23.6,27.1
2020-08-08,23.3,26.3
2020-08-09,24.8,29.0
2020-08-10,26.6,31.3
2020-08-11,26.5,29.1
2020-08-12,26.7,30.6
2020-08-13,24.3,25.5
2020-08-14,25.4,29.5
2020-08-15,23.6,28.7
2020-08-16,20.1,21.6
2020-08-17,20.8,25.8
2020-08-18,23.2,28.2
2020-08-19,21.0,23.7
2020-08-20,20.9,25.6
2020-08-21,23.2,28.5
2020-08-22,25.0,29.8
2020-08-23,24.3,28.2
2020-08-24,25.8,31.6
2020-08-25,26.4,32.9
2020-08-26,22.3,25.9
2020-08-27,25.0,33.3
2020-08-28,24.4,31.4
2020-08-29,23.7,25.4
2020-08-30,21.5,25.5
2020-08-31,19.8,23.1
2020-09-01,21.9,24.8
2020-09-02,22.7,24.9
2020-09-03,24.7,29.4
2020-09-04,24.0,28.6
2020-09-05,20.8,25.5
2020-09-06,21.3,26.4
2020-09-07,21.1,24.8
2020-09-08,21.7,26.8
2020-09-09,22.3,26.3
2020-09-10,23.9,27.0
2020-09-11,21.8,24.4
2020-09-12,18.0,20.9
2020-09-13,20.0,22.9
2020-09-14,20.7,24.7
2020-09-15,15.0,18.8
2020-09-16,17.0,22.0
2020-09-17,19.1,22.1
2020-09-18,17.1,19.7
2020-09-19,12.9,16.8
2020-09-20,12.6,16.5
2020-09-21,12.8,18.2
2020-09-22,14.7,22.0
2020-09-23,18.4,25.9
2020-09-24,18.5,24.4
2020-09-25,18.4,24.6
2020-09-26,18.8,22.5
2020-09-27,20.9,25.1
2020-09-28,21.2,23.7
2020-09-29,20.6,23.5
2020-09-30,18.8,21.1
2020-10-01,17.7,21.9
2020-10-02,15.0,18.1
2020-10-03,13.6,18.4
2020-10-04,14.0,18.5
2020-10-05,15.0,19.5
2020-10-06,16.1,19.9
2020-10-07,17.8,24.2
2020-10-08,14.2,17.6
2020-10-09,14.1,19.3
2020-10-10,18.1,23.6
2020-10-11,17.2,19.1
2020-10-12,12.3,14.5
2020-10-13,13.8,15.0
2020-10-14,14.3,20.3
2020-10-15,16.2,22.0
2020-10-16,13.8,17.1
2020-10-17,10.7,15.1
2020-10-18,12.0,16.7
2020-10-19,14.2,17.6
2020-10-20,16.4,21.3
2020-10-21,16.6,19.7
2020-10-22,18.1,20.8
2020-10-23,17.4,19.9
2020-10-24,16.3,21.0
2020-10-25,9.1,10.7
2020-10-26,13.5,16.5
2020-10-27,13.8,15.3
2020-10-28,13.0,16.2
2020-10-29,10.7,12.3
2020-10-30,5.3,8.2
2020-10-31,4.0,6.9
2020-11-01,9.2,13.7
2020-11-02,4.7,6.4
2020-11-03,7.7,12.1
2020-11-04,9.4,16.5
2020-11-05,12.0,18.7
2020-11-06,13.6,20.2
2020-11-07,14.1,21.6
2020-11-08,13.4,21.5
2020-11-09,13.2,21.4
2020-11-10,15.4,21.6
2020-11-11,17.7,21.7
2020-11-12,13.1,18.3
2020-11-13,8.7,11.0
2020-11-14,7.3,11.1
2020-11-15,9.6,17.2
2020-11-16,8.6,11.2
2020-11-17,5.0,8.5
2020-11-18,0.5,1.9
2020-11-19,2.4,7.1
2020-11-20,9.1,14.6
2020-11-21,10.8,15.5
2020-11-22,8.0,12.5
2020-11-23,10.1,13.8
2020-11-24,5.2,8.3
2020-11-25,7.7,11.6
2020-11-26,12.7,17.0
2020-11-27,10.3,15.8
2020-11-28,8.4,12.9
2020-11-29,5.8,10.8
2020-11-30,12.0,16.4
2020-12-01,9.2,14.5
2020-12-02,3.7,6.8
2020-12-03,4.4,9.6
2020-12-04,7.0,11.3
2020-12-05,5.7,6.8
2020-12-06,2.2,3.7
2020-12-07,0.7,4.1
2020-12-08,0.2,3.4
2020-12-09,0.7,3.9
2020-12-10,4.0,9.2
2020-12-11,4.4,11.0
2020-12-12,7.7,12.5
2020-12-13,9.6,14.6
2020-12-14,3.1,4.4
2020-12-15,0.6,3.6
2020-12-16,-2.0,0.5
2020-12-17,-2.6,0.4
2020-12-18,-5.0,-1.9
2020-12-19,-6.4,-1.8
2020-12-20,-1.3,3.1
2020-12-21,0.9,3.1
2020-12-22,1.9,5.5
2020-12-23,1.1,3.1
2020-12-24,10.2,14.3
2020-12-25,9.0,14.5
2020-12-26,-2.9,-0.3
2020-12-27,-1.7,2.6
2020-12-28,4.2,9.3
2020-12-29,1.1,3.5
2020-12-30,0.2,3.8
2020-12-31,5.7,8.4
2021-01-01,0.8,3.5
2021-01-02,5.2,9.8
2021-01-03,1.4,3.5
2021-01-04,2.7,6.5
2021-01-05,2.4,4.9
2021-01-06,1.6,4.7
2021-01-07,1.0,5.9
2021-01-08,-0.3,5.2
2021-01-09,-0.9,1.9
2021-01-10,-0.0,5.2
2021-01-11,-1.8,2.1
2021-01-12,0.2,5.8
2021-01-13,0.5,6.1
2021-01-14,2.9,8.9
2021-01-15,3.4,7.7
2021-01-16,5.5,8.1
2021-01-17,3.3,7.4
2021-01-18,2.9,6.6
2021-01-19,1.3,4.7
2021-01-20,-0.1,4.4
2021-01-21,-0.6,5.3
2021-01-22,2.4,6.7
2021-01-23,-2.4,-0.3
2021-01-24,-3.2,0.1
2021-01-25,-1.6,3.4
2021-01-26,-0.2,1.3
2021-01-27,1.1,4.2
2021-01-28,-2.8,0.0
2021-01-29,-6.9,-4.1
2021-01-30,-5.3,0.8
2021-01-31,-5.4,-2.9
2021-02-01,-1.8,0.5
2021-02-02,-0.2,1.3
2021-02-03,-0.6,1.3
2021-02-04,-1.1,3.3
2021-02-05,1.3,4.9
2021-02-06,-0.6,4.0
2021-02-07,-1.9,-0.0
2021-02-08,-7.2,-3.6
2021-02-09,-4.2,0.8
2021-02-10,-4.1,0.0
2021-02-11,-3.0,0.2
2021-02-12,-6.3,-2.8
2021-02-13,-4.8,-2.8
2021-02-14,-0.9,2.3
2021-02-15,-1.0,0.4
2021-02-16,4.5,8.4
2021-02-17,-4.3,-1.3
2021-02-18,-3.9,-2.6
2021-02-19,-1.8,-0.6
2021-02-20,-2.3,-0.1
2021-02-21,-4.6,0.4
2021-02-22,-1.3,2.4
2021-02-23,2.2,5.7
2021-02-24,4.4,11.0
2021-02-25,4.8,8.0
2021-02-26,1.2,6.1
2021-02-27,5.8,11.8
2021-02-28,4.3,7.8
2021-03-01,5.5,8.9
2021-03-02,-3.4,0.1
2021-03-03,3.0,10.6
2021-03-04,1.9,5.7
2021-03-05,-2.4,2.1
2021-03-06,-1.4,1.4
2021-03-07,-1.0,4.4
2021-03-08,-0.7,6.0
2021-03-09,7.6,16.0
2021-03-10,4.5,10.4
2021-03-11,10.8,20.0
2021-03-12,13.6,18.7
2021-03-13,4.4,9.5
2021-03-14,4.7,10.1
2021-03-15,-1.6,2.8
2021-03-16,-0.6,2.4
2021-03-17,3.8,7.8
2021-03-18,5.8,7.5
2021-03-19,1.8,5.6
2021-03-20,3.4,12.6
2021-03-21,5.7,15.0
2021-03-22,6.1,13.1
2021-03-23,7.7,16.1
2021-03-24,9.0,13.1
2021-03-25,11.9,19.5
2021-03-26,16.3,25.6
2021-03-27,11.7,17.6
2021-03-28,11.9,19.0
2021-03-29,8.1,11.5
2021-03-30,7.4,12.5
2021-03-31,11.9,16.7
2021-04-01,7.4,11.1
2021-04-02,0.8,3.5
2021-04-03,3.9,10.9
2021-04-04,9.3,15.8
2021-04-05,11.6,18.1
2021-04-06,11.1,18.3
2021-04-07,11.9,19.9
2021-04-08,11.5,17.8
2021-04-09,8.7,12.2
2021-04-10,11.9,16.4
2021-04-11,11.9,14.6
2021-04-12,7.9,9.0
2021-04-13,10.8,18.4
2021-04-14,12.7,20.0
2021-04-15,10.8,12.9
2021-04-16,7.7,12.2
2021-04-17,8.5,12.0
2021-04-18,10.5,15.4
2021-04-19,11.3,16.9
2021-04-20,14.2,21.5
2021-04-21,11.8,18.2
2021-04-22,4.8,8.1
2021-04-23,9.0,15.5
2021-04-24,12.9,20.0
2021-04-25,11.9,16.6
2021-04-26,9.1,13.9
2021-04-27,9.6,14.5
2021-04-28,16.6,27.0
2021-04-29,17.8,22.8
2021-04-30,15.8,19.5
2021-05-01,10.8,17.4
2021-05-02,18.2,26.2
2021-05-03,14.2,16.1
2021-05-04,14.8,22.2
2021-05-05,12.5,15.4
2021-05-06,12.9,17.3
2021-05-07,11.9,16.5
2021-05-08,9.9,11.5
2021-05-09,10.3,16.8
2021-05-10,11.2,15.1
2021-05-11,12.2,16.8
2021-05-12,11.8,17.9
2021-05-13,13.7,19.2
2021-05-14,15.2,22.0
2021-05-15,16.4,22.7
2021-05-16,16.4,21.7
2021-05-17,16.6,22.9
2021-05-18,19.3,26.5
2021-05-19,20.9,28.6
2021-05-20,16.6,21.6
2021-05-21,17.4,23.0
2021-05-22,24.0,30.8
2021-05-23,25.1,31.6
2021-05-24,16.0,19.0
2021-05-25,17.4,21.6
2021-05-26,23.0,29.3
2021-05-27,22.7,27.7
2021-05-28,14.8,18.9
2021-05-29,9.8,11.1
2021-05-30,9.8,11.5
2021-05-31,14.0,20.5
2021-06-01,16.8,23.8
2021-06-02,17.2,21.7
2021-06-03,17.7,22.4
2021-06-04,20.8,25.4
2021-06-05,24.1,31.5
2021-06-06,25.7,31.4
2021-06-07,25.2,30.3
2021-06-08,25.1,30.2
2021-06-09,25.5,30.4
2021-06-10,22.5,26.5
2021-06-11,17.6,20.7
2021-06-12,18.5,21.3
2021-06-13,18.7,23.6
2021-06-14,19.1,21.3
2021-06-15,20.9,25.4
2021-06-16,19.4,23.3
2021-06-17,18.6,24.0
2021-06-18,20.8,27.5
2021-06-19,24.2,32.3
2021-06-20,23.0,29.2
2021-06-21,24.6,27.8
2021-06-22,20.5,24.5
2021-06-23,17.9,23.2
2021-06-24,18.4,22.7
2021-06-25,19.5,24.2
2021-06-26,22.7,26.2
2021-06-27,25.6,29.2
2021-06-28,27.5,32.5
2021-06-29,28.5,33.5
2021-06-30,29.8,35.4
2021-07-01,24.9,28.6
2021-07-02,22.0,24.4
2021-07-03,17.7,19.5
2021-07-04,20.2,25.0
2021-07-05,22.7,26.3
2021-07-06,26.4,33.3
2021-07-07,26.7,31.8
2021-07-08,24.5,27.9
2021-07-09,24.7,30.0
2021-07-10,23.2,25.8
2021-07-11,22.4,24.7
2021-07-12,24.8,28.4
2021-07-13,22.9,25.7
2021-07-14,24.9,30.5
2021-07-15,25.7,29.3
2021-07-16,27.7,32.4
2021-07-17,26.8,30.7
2021-07-18,25.1,28.4
2021-07-19,24.0,27.7
2021-07-20,25.6,31.0
2021-07-21,23.9,28.0
2021-07-22,22.4,26.7
2021-07-23,22.4,26.3
2021-07-24,22.6,26.7
2021-07-25,24.3,28.7
2021-07-26,26.1,31.8
2021-07-27,25.0,30.5
2021-07-28,23.3,26.9
2021-07-29,22.4,25.4
2021-07-30,23.2,27.9
2021-07-31,19.7,25.8
2021-08-01,21.3,24.1
2021-08-02,21.4,26.5
2021-08-03,20.4,24.2
2021-08-04,21.0,24.4
2021-08-05,21.6,27.0
2021-08-06,23.7,28.7
2021-08-07,24.5,29.6
2021-08-08,20.9,22.7
2021-08-09,22.8,26.3
2021-08-10,23.9,27.2
2021-08-11,26.6,31.7
2021-08-12,28.2,35.1
2021-08-13,28.4,33.0
2021-08-14,27.1,31.4
2021-08-15,23.6,27.6
2021-08-16,22.8,26.5
2021-08-17,23.7,26.1
2021-08-18,24.3,26.9
2021-08-19,26.3,30.3
2021-08-20,24.5,26.6
2021-08-21,24.6,27.0
2021-08-22,23.0,23.5
2021-08-23,24.5,28.5
2021-08-24,25.9,30.8
2021-08-25,25.8,31.2
2021-08-26,26.7,31.8
2021-08-27,27.1,32.3
2021-08-28,22.9,25.9
2021-08-29,21.8,24.4
2021-08-30,24.5,28.6
2021-08-31,24.5,28.8
2021-09-01,21.3,23.2
2021-09-02,19.3,24.4
2021-09-03,18.2,21.9
2021-09-04,19.5,24.9
2021-09-05,20.7,24.5
2021-09-06,22.5,27.0
2021-09-07,20.7,26.0
2021-09-08,23.1,26.5
2021-09-09,21.1,22.7
2021-09-10,19.5,22.9
2021-09-11,19.1,24.7
2021-09-12,22.9,28.9
2021-09-13,24.9,29.0
2021-09-14,22.0,25.7
2021-09-15,24.7,29.9
2021-09-16,21.5,24.0
2021-09-17,21.7,23.7
2021-09-18,23.0,27.3
2021-09-19,20.3,23.5
2021-09-20,18.7,22.7
2021-09-21,20.1,23.0
2021-09-22,22.5,25.0
2021-09-23,23.0,26.0
2021-09-24,18.6,22.3
2021-09-25,18.2,22.6
2021-09-26,18.1,21.4
2021-09-27,19.8,25.9
2021-09-28,19.6,22.4
2021-09-29,15.6,20.1
2021-09-30,15.3,19.0
2021-10-01,14.2,19.4
2021-10-02,16.5,23.8
2021-10-03,18.9,25.9
2021-10-04,19.3,21.1
2021-10-05,17.0,19.9
2021-10-06,17.8,20.4
2021-10-07,18.6,22.4
2021-10-08,18.5,23.9
2021-10-09,17.5,20.2
2021-10-10,17.3,18.8
2021-10-11,18.1,21.5
2021-10-12,17.6,21.5
2021-10-13,18.0,21.6
2021-10-14,19.3,25.0
2021-10-15,19.6,25.0
2021-10-16,20.1,24.5
2021-10-17,13.9,17.4
2021-10-18,11.9,15.9
2021-10-19,13.4,19.1
2021-10-20,17.9,24.2
2021-10-21,17.1,23.0
2021-10-22,17.3,20.2
2021-10-23,12.9,16.1
2021-10-24,11.9,15.5
2021-10-25,18.3,23.1
2021-10-26,15.7,17.0
2021-10-27,13.8,16.1
2021-10-28,11.5,15.1
2021-10-29,11.5,14.2
2021-10-30,15.4,17.7
2021-10-31,14.5,18.3
2021-11-01,11.7,14.5
2021-11-02,9.3,11.4
2021-11-03,6.8,10.9
2021-11-04,6.4,9.8
2021-11-05,6.3,10.6
2021-11-06,6.7,10.5
2021-11-07,6.9,11.8
2021-11-08,10.6,16.5
2021-11-09,11.6,19.5
2021-11-10,12.4,17.3
2021-11-11,10.0,15.0
2021-11-12,15.1,18.5
2021-11-13,9.1,16.1
2021-11-14,5.9,8.4
2021-11-15,5.5,8.6
2021-11-16,5.2,9.5
2021-11-17,7.3,12.3
2021-11-18,13.3,18.9
2021-11-19,6.7,9.7
2021-11-20,4.2,6.7
2021-11-21,8.2,11.9
2021-11-22,8.4,11.3
2021-11-23,2.2,5.5
2021-11-24,2.1,7.0
2021-11-25,5.9,11.3
2021-11-26,5.7,7.4
2021-11-27,2.1,4.5
2021-11-28,2.0,4.5
2021-11-29,2.9,5.9
2021-11-30,1.2,4.7
2021-12-01,4.2,8.6
2021-12-02,10.0,13.6
2021-12-03,5.4,9.3
2021-12-04,4.3,8.4
2021-12-05,4.3,7.6
2021-12-06,12.2,16.3
2021-12-07,3.5,8.7
2021-12-08,2.6,4.7
2021-12-09,1.1,3.6
2021-12-10,5.2,8.5
2021-12-11,12.0,17.4
2021-12-12,6.7,12.6
2021-12-13,5.4,10.3
2021-12-14,5.9,10.4
2021-12-15,6.0,10.3
2021-12-16,11.7,14.5
2021-12-17,11.5,14.1
2021-12-18,5.5,6.8
2021-12-19,3.7,7.2
2021-12-20,-1.3,1.8
2021-12-21,1.3,5.5
2021-12-22,4.2,8.1
2021-12-23,-0.0,2.2
2021-12-24,1.4,5.7
2021-12-25,5.4,9.0
2021-12-26,6.3,8.7
2021-12-27,1.1,2.6
2021-12-28,5.1,8.4
2021-12-29,5.3,7.7
2021-12-30,6.4,8.5
2021-12-31,8.5,11.1
2022-01-01,9.5,11.6
2022-01-02,9.5,13.6
2022-01-03,-1.3,2.0
2022-01-04,-3.2,0.6
2022-01-05,1.9,7.0
2022-01-06,1.8,4.1
2022-01-07,-1.8,-0.3
2022-01-08,-6.0,-2.6
2022-01-09,0.3,3.9
2022-01-10,-1.5,4.1
2022-01-11,-7.1,-4.2
2022-01-12,-2.1,4.6
2022-01-13,0.9,6.9
2022-01-14,1.5,5.1
2022-01-15,-8.1,-5.2
2022-01-16,-6.7,2.0
2022-01-17,3.4,9.2
2022-01-18,-1.0,2.0
2022-01-19,1.6,7.6
2022-01-20,0.7,5.3
2022-01-21,-8.2,-5.2
2022-01-22,-6.9,-1.5
2022-01-23,-2.3,2.8
2022-01-24,-1.4,0.3
2022-01-25,1.4,6.4
2022-01-26,-5.3,-3.0
2022-01-27,-5.3,-0.2
2022-01-28,-1.3,0.7
2022-01-29,-8.5,-1.8
2022-01-30,-10.4,-6.2
2022-01-31,-10.8,-3.4
2022-02-01,-7.4,-1.6
2022-02-02,-1.3,3.5
2022-02-03,4.9,9.4
2022-02-04,4.0,11.7
2022-02-05,-4.2,-1.8
2022-02-06,-5.5,-1.4
2022-02-07,-0.2,2.6
2022-02-08,2.6,8.0
2022-02-09,0.1,4.8
2022-02-10,4.1,11.1
2022-02-11,4.4,12.2
2022-02-12,9.8,13.4
2022-02-13,0.0,5.0
2022-02-14,-7.0,-3.3
2022-02-15,-5.4,-0.3
2022-02-16,0.7,6.2
2022-02-17,11.1,17.0
2022-02-18,6.8,15.4
2022-02-19,-1.6,3.6
2022-02-20,-2.7,2.7
2022-02-21,2.7,9.9
2022-02-22,8.2,14.3
2022-02-23,13.3,19.0
2022-02-24,-0.3,2.2
2022-02-25,1.1,6.7
2022-02-26,-2.0,3.0
2022-02-27,1.5,8.1
2022-02-28,-1.4,1.5
2022-03-01,1.9,5.9
2022-03-02,5.4,10.6
2022-03-03,3.0,5.4
2022-03-04,-2.6,3.2
2022-03-05,1.0,5.4
2022-03-06,12.1,19.5
2022-03-07,17.4,23.0
2022-03-08,5.3,13.1
2022-03-09,2.1,3.8
2022-03-10,2.8,8.7
2022-03-11,4.5,10.5
2022-03-12,1.3,6.5
2022-03-13,-2.2,2.9
2022-03-14,5.3,13.3
2022-03-15,9.3,15.7
2022-03-16,9.5,16.4
2022-03-17,8.0,12.0
2022-03-18,11.7,20.8
2022-03-19,12.5,17.7
2022-03-20,11.0,15.0
2022-03-21,9.8,15.7
2022-03-22,8.4,13.1
2022-03-23,4.7,7.9
2022-03-24,7.0,9.7
2022-03-25,9.8,15.9
2022-03-26,7.9,10.1
2022-03-27,3.9,7.7
2022-03-28,-2.6,0.2
2022-03-29,-0.9,3.2
2022-03-30,1.4,5.7
2022-03-31,13.3,18.9
2022-04-01,10.8,15.1
2022-04-02,5.8,11.1
2022-04-03,5.8,8.5
2022-04-04,7.3,12.3
2022-04-05,6.6,12.1
2022-04-06,8.8,12.6
2022-04-07,8.6,11.2
2022-04-08,11.7,16.7
2022-04-09,9.2,13.9
2022-04-10,7.2,9.9
2022-04-11,7.4,12.7
2022-04-12,12.7,20.6
2022-04-13,13.2,18.3
2022-04-14,19.8,28.6
2022-04-15,13.7,19.6
2022-04-16,14.0,19.8
2022-04-17,7.2,10.2
2022-04-18,5.9,10.1
2022-04-19,7.9,11.2
2022-04-20,8.3,13.9
2022-04-21,9.3,12.9
2022-04-22,13.3,18.2
2022-04-23,10.1,14.5
2022-04-24,10.8,15.5
2022-04-25,10.1,14.4
2022-04-26,12.8,16.2
2022-04-27,9.9,13.2
2022-04-28,7.4,12.3
2022-04-29,9.2,15.3
2022-04-30,10.8,17.7
2022-05-01,11.5,18.6
2022-05-02,11.9,14.8
2022-05-03,11.5,18.3
2022-05-04,13.3,20.5
2022-05-05,15.8,21.8
2022-05-06,12.3,14.0
2022-05-07,8.5,10.4
2022-05-08,9.5,12.8
2022-05-09,12.1,18.6
2022-05-10,13.7,19.9
2022-05-11,14.5,21.1
2022-05-12,15.3,20.9
2022-05-13,16.3,21.3
2022-05-14,16.4,20.6
2022-05-15,17.8,24.6
2022-05-16,19.0,23.1
2022-05-17,17.7,23.1
2022-05-18,16.2,21.3
2022-05-19,15.5,21.8
2022-05-20,16.3,21.3
2022-05-21,23.0,32.0
2022-05-22,25.1,30.5
2022-05-23,19.1,22.4
2022-05-24,15.9,19.1
2022-05-25,14.5,19.0
2022-05-26,15.6,19.5
2022-05-27,19.5,23.6
2022-05-28,20.2,23.0
2022-05-29,19.2,24.5
2022-05-30,22.0,29.0
2022-05-31,27.0,33.6
2022-06-01,18.0,21.5
2022-06-02,20.6,26.8
2022-06-03,20.6,24.3
2022-06-04,19.9,26.3
2022-06-05,18.4,23.7
2022-06-06,19.8,25.9
2022-06-07,19.7,24.5
2022-06-08,22.8,29.3
2022-06-09,22.7,28.1
2022-06-10,20.4,26.1
2022-06-11,20.2,24.2
2022-06-12,19.0,22.6
2022-06-13,23.0,27.4
2022-06-14,22.4,27.7
2022-06-15,21.3,26.8
2022-06-16,19.9,23.0
2022-06-17,25.1,31.9
2022-06-18,19.1,21.8
2022-06-19,17.4,22.1
2022-06-20,19.6,26.3
2022-06-21,19.9,26.3
2022-06-22,18.4,20.3
2022-06-23,19.1,22.2
2022-06-24,20.6,25.8
2022-06-25,24.2,32.3
2022-06-26,24.7,30.7
2022-06-27,23.6,26.5
2022-06-28,22.3,27.7
2022-06-29,22.6,29.0
2022-06-30,24.1,31.5
2022-07-01,26.3,33.6
2022-07-02,25.6,30.1
2022-07-03,25.4,31.0
2022-07-04,24.0,30.0
2022-07-05,24.1,30.1
2022-07-06,26.6,31.7
2022-07-07,23.7,26.9
2022-07-08,23.4,28.8
2022-07-09,24.1,29.5
2022-07-10,22.6,27.1
2022-07-11,22.4,28.3
2022-07-12,26.2,33.8
2022-07-13,26.6,32.6
2022-07-14,26.2,31.4
2022-07-15,24.3,28.4
2022-07-16,23.3,27.6
2022-07-17,24.0,27.8
2022-07-18,25.0,30.0
2022-07-19,27.0,33.6
2022-07-20,28.1,33.8
2022-07-21,28.5,33.5
2022-07-22,27.4,34.1
2022-07-23,28.1,34.3
2022-07-24,29.8,35.8
2022-07-25,27.2,31.4
2022-07-26,24.6,28.8
2022-07-27,23.7,28.0
2022-07-28,25.9,30.5
2022-07-29,26.4,30.5
2022-07-30,26.3,32.0
2022-07-31,24.3,28.5
2022-08-01,23.2,26.1
2022-08-02,26.8,33.2
2022-08-03,25.5,32.3
2022-08-04,27.0,33.0
2022-08-05,27.8,32.7
2022-08-06,27.6,32.4
2022-08-07,28.2,34.1
2022-08-08,29.5,34.5
2022-08-09,30.0,37.3
2022-08-10,26.3,32.6
2022-08-11,26.3,32.1
2022-08-12,25.0,29.0
2022-08-13,22.0,27.0
2022-08-14,22.0,26.9
2022-08-15,22.5,27.3
2022-08-16,22.6,28.0
2022-08-17,22.4,26.9
2022-08-18,23.7,30.6
2022-08-19,24.4,31.5
2022-08-20,25.7,31.5
2022-08-21,23.9,27.7
2022-08-22,22.7,24.3
2022-08-23,24.0,29.0
2022-08-24,25.0,31.2
2022-08-25,25.3,31.5
2022-08-26,24.6,29.3
2022-08-27,24.9,29.5
2022-08-28,23.7,27.2
2022-08-29,24.5,28.4
2022-08-30,25.2,29.9
2022-08-31,24.2,28.8
2022-09-01,24.0,29.8
2022-09-02,20.3,24.9
2022-09-03,21.8,26.1
2022-09-04,24.2,30.1
2022-09-05,24.1,28.3
2022-09-06,21.3,22.2
2022-09-07,20.3,22.8
2022-09-08,20.5,23.8
2022-09-09,20.5,26.2
2022-09-10,21.2,27.3
2022-09-11,20.8,24.5
2022-09-12,22.9,27.8
2022-09-13,22.6,25.9
2022-09-14,20.7,26.7
2022-09-15,19.0,22.0
2022-09-16,17.7,24.0
2022-09-17,19.4,22.4
2022-09-18,22.5,28.9
2022-09-19,23.1,30.0
2022-09-20,21.4,25.7
2022-09-21,20.4,25.9
2022-09-22,19.6,25.2
2022-09-23,13.1,16.5
2022-09-24,14.2,20.6
2022-09-25,17.1,24.3
2022-09-26,18.1,23.6
2022-09-27,16.8,21.3
2022-09-28,15.7,20.9
2022-09-29,15.1,19.1
2022-09-30,13.7,16.6
2022-10-01,14.3,17.3
2022-10-02,12.9,14.9
2022-10-03,10.2,11.8
2022-10-04,10.5,12.6
2022-10-05,13.8,15.8
2022-10-06,15.7,22.5
2022-10-07,17.2,23.9
2022-10-08,11.6,14.7
2022-10-09,10.6,16.3
2022-10-10,13.0,19.8
2022-10-11,13.1,19.5
2022-10-12,14.1,19.1
2022-10-13,17.2,20.8
2022-10-14,13.9,19.1
2022-10-15,13.4,18.9
2022-10-16,12.9,17.5
2022-10-17,14.5,18.7
2022-10-18,10.5,13.5
2022-10-19,8.2,12.1
2022-10-20,9.5,14.2
2022-10-21,10.5,15.8
2022-10-22,11.4,17.5
2022-10-23,12.7,15.3
2022-10-24,14.0,16.3
2022-10-25,17.5,20.5
2022-10-26,18.1,21.0
2022-10-27,14.1,17.3
2022-10-28,9.4,12.9
2022-10-29,9.1,14.2
2022-10-30,9.5,16.0
2022-10-31,13.2,17.2
2022-11-01,15.5,19.6
2022-11-02,14.7,19.9
2022-11-03,12.2,17.7
2022-11-04,13.6,19.5
2022-11-05,18.1,22.8
2022-11-06,19.9,23.5
2022-11-07,19.5,23.7
2022-11-08,10.4,13.3
2022-11-09,7.2,10.3
2022-11-10,11.0,17.2
2022-11-11,15.8,18.7
2022-11-12,18.5,20.5
2022-11-13,10.4,13.9
2022-11-14,4.7,7.5
2022-11-15,4.2,7.5
2022-11-16,7.3,11.1
2022-11-17,4.4,8.1
2022-11-18,3.2,6.4
2022-11-19,1.4,4.2
2022-11-20,0.4,2.1
2022-11-21,0.2,4.0
2022-11-22,4.4,9.3
2022-11-23,5.7,11.6
2022-11-24,5.1,10.4
2022-11-25,7.5,11.8
2022-11-26,7.4,12.2
2022-11-27,8.9,13.7
2022-11-28,9.5,11.8
2022-11-29,3.1,6.0
2022-11-30,8.1,12.7
2022-12-01,3.0,6.0
2022-12-02,1.3,4.9
2022-12-03,9.8,13.2
2022-12-04,3.8,6.7
2022-12-05,1.8,6.3
2022-12-06,8.2,12.3
2022-12-07,12.5,14.3
2022-12-08,8.8,11.4
2022-12-09,3.3,6.9
2022-12-10,1.3,4.6
2022-12-11,2.7,4.1
2022-12-12,1.0,4.1
2022-12-13,-1.0,4.7
2022-12-14,0.2,4.3
2022-12-15,1.9,4.6
2022-12-16,4.7,6.4
2022-12-17,3.6,6.8
2022-12-18,0.6,3.9
2022-12-19,0.1,3.4
2022-12-20,0.0,3.6
2022-12-21,-1.0,2.9
2022-12-22,2.6,6.6
2022-12-23,3.2,12.5
2022-12-24,-10.9,-4.8
2022-12-25,-6.5,-1.8
2022-12-26,-4.9,-1.1
2022-12-27,-1.8,2.7
2022-12-28,0.5,6.6
2022-12-29,2.7,8.4
2022-12-30,6.0,13.3
2022-12-31,8.5,10.9
2023-01-01,8.8,11.7
2023-01-02,7.7,12.6
2023-01-03,9.3,12.6
2023-01-04,12.9,17.8
2023-01-05,9.8,12.9
2023-01-06,6.0,8.5
2023-01-07,3.5,8.0
2023-01-08,1.1,4.0
2023-01-09,2.9,7.0
2023-01-10,2.5,6.1
2023-01-11,0.8,3.7
2023-01-12,5.0,9.5
2023-01-13,9.0,12.5
2023-01-14,0.8,2.7
2023-01-15,0.5,4.9
2023-01-16,1.3,8.0
2023-01-17,2.3,7.2
2023-01-18,6.4,10.6
2023-01-19,3.8,5.4
2023-01-20,5.2,8.8
2023-01-21,2.6,5.9
2023-01-22,1.2,5.4
2023-01-23,2.3,2.8
2023-01-24,2.1,7.5
2023-01-25,2.0,10.4
2023-01-26,7.3,11.7
2023-01-27,2.0,5.9
2023-01-28,4.2,10.7
2023-01-29,5.4,10.3
2023-01-30,5.9,11.5
2023-01-31,3.2,6.3
2023-02-01,-0.8,3.0
2023-02-02,-0.4,3.9
2023-02-03,-4.6,0.1
2023-02-04,-9.8,-4.1
2023-02-05,1.1,8.9
2023-02-06,3.9,10.0
2023-02-07,0.2,3.5
2023-02-08,4.6,10.2
2023-02-09,4.5,10.9
2023-02-10,11.0,13.9
2023-02-11,3.5,6.5
2023-02-12,2.6,6.6
2023-02-13,6.4,13.1
2023-02-14,6.0,11.2
2023-02-15,9.9,16.8
2023-02-16,12.5,19.0
2023-02-17,9.5,15.2
2023-02-18,0.7,5.5
2023-02-19,3.8,7.9
2023-02-20,8.7,15.1
2023-02-21,4.2,8.1
2023-02-22,2.3,5.4
2023-02-23,4.3,7.5
2023-02-24,3.7,7.2
2023-02-25,-3.2,0.0
2023-02-26,2.0,10.0
2023-02-27,1.4,4.7
2023-02-28,0.8,1.9
2023-03-01,1.7,5.6
2023-03-02,6.6,13.5
2023-03-03,3.1,7.3
2023-03-04,5.2,6.9
2023-03-05,5.3,12.0
2023-03-06,5.6,10.0
2023-03-07,3.5,7.2
2023-03-08,2.7,9.2
2023-03-09,4.1,10.2
2023-03-10,3.1,7.2
2023-03-11,4.0,6.8
2023-03-12,3.2,7.6
2023-03-13,4.4,5.7
2023-03-14,1.9,3.2
2023-03-15,3.0,6.8
2023-03-16,5.3,13.2
2023-03-17,8.3,14.1
2023-03-18,7.4,10.8
2023-03-19,1.0,3.5
2023-03-20,2.9,10.5
2023-03-21,7.2,15.6
2023-03-22,7.6,13.1
2023-03-23,10.5,14.7
2023-03-24,8.5,12.8
2023-03-25,5.4,7.3
2023-03-26,9.1,14.8
2023-03-27,7.6,14.6
2023-03-28,6.3,11.0
2023-03-29,5.1,10.8
2023-03-30,3.0,7.3
2023-03-31,5.7,9.8
2023-04-01,14.6,19.5
2023-04-02,6.7,10.4
2023-04-03,6.9,13.2
2023-04-04,13.0,18.5
2023-04-05,11.5,13.4
2023-04-06,16.4,26.3
2023-04-07,11.0,13.7
2023-04-08,5.8,10.2
2023-04-09,6.2,11.5
2023-04-10,8.9,17.6
2023-04-11,14.6,22.8
2023-04-12,20.2,27.3
2023-04-13,21.8,30.9
2023-04-14,21.8,29.4
2023-04-15,17.4,20.7
2023-04-16,15.5,20.7
2023-04-17,14.2,19.8
2023-04-18,11.0,14.2
2023-04-19,10.1,17.3
2023-04-20,10.2,15.7
2023-04-21,12.9,18.8
2023-04-22,14.0,19.5
2023-04-23,14.4,19.0
2023-04-24,11.0,16.0
2023-04-25,10.1,15.0
2023-04-26,9.8,13.7
2023-04-27,10.4,13.3
2023-04-28,9.6,12.8
2023-04-29,10.5,12.0
2023-04-30,12.5,14.7
2023-05-01,12.4,15.5
2023-05-02,10.2,13.2
2023-05-03,9.2,12.3
2023-05-04,10.0,14.2
2023-05-05,11.4,16.9
2023-05-06,14.0,20.8
2023-05-07,16.1,23.6
2023-05-08,17.9,23.5
2023-05-09,13.9,19.1
2023-05-10,14.1,21.0
2023-05-11,17.6,25.2
2023-05-12,20.9,29.3
2023-05-13,21.8,27.2
2023-05-14,17.4,22.7
2023-05-15,17.3,25.1
2023-05-16,20.1,27.5
2023-05-17,14.9,18.5
2023-05-18,10.9,14.0
2023-05-19,14.6,19.3
2023-05-20,15.6,17.4
2023-05-21,17.1,21.6
2023-05-22,16.6,22.8
2023-05-23,14.3,19.2
2023-05-24,15.4,21.7
2023-05-25,14.5,19.0
2023-05-26,15.9,22.0
2023-05-27,16.9,24.1
2023-05-28,17.5,23.4
2023-05-29,18.3,24.5
2023-05-30,15.4,20.1
2023-05-31,15.9,22.4
2023-06-01,19.3,27.2
2023-06-02,22.1,30.5
2023-06-03,18.1,19.9
2023-06-04,15.3,21.2
2023-06-05,17.6,23.8
2023-06-06,19.3,25.6
2023-06-07,18.6,24.9
2023-06-08,16.6,22.2
2023-06-09,16.7,22.6
2023-06-10,18.9,26.1
2023-06-11,21.0,26.9
2023-06-12,20.7,23.8
2023-06-13,20.8,26.2
2023-06-14,18.3,24.5
2023-06-15,20.2,26.0
2023-06-16,19.0,25.6
2023-06-17,19.8,25.2
2023-06-18,21.2,26.3
2023-06-19,20.3,25.0
2023-06-20,19.3,23.3
2023-06-21,18.6,22.7
2023-06-22,17.9,20.8
2023-06-23,19.6,22.7
2023-06-24,21.4,25.5
2023-06-25,22.8,28.3
2023-06-26,21.6,25.3
2023-06-27,21.5,26.1
2023-06-28,22.6,28.4
2023-06-29,22.1,28.4
2023-06-30,22.8,29.0
2023-07-01,22.3,26.7
2023-07-02,24.2,31.0
2023-07-03,25.3,30.9
2023-07-04,24.5,29.2
2023-07-05,26.1,32.1
2023-07-06,25.8,31.1
2023-07-07,25.0,29.5
2023-07-08,25.2,29.4
2023-07-09,23.0,26.7
2023-07-10,24.1,28.5
2023-07-11,24.6,31.5
2023-07-12,26.5,32.8
2023-07-13,26.7,31.7
2023-07-14,24.2,28.0
2023-07-15,24.5,29.3
2023-07-16,23.8,25.8
2023-07-17,25.3,31.6
2023-07-18,24.7,29.4
2023-07-19,22.8,27.3
2023-07-20,23.9,28.3
2023-07-21,24.1,29.3
2023-07-22,23.3,28.2
2023-07-23,23.7,29.9
2023-07-24,24.1,28.5
2023-07-25,23.0,28.5
2023-07-26,23.7,29.9
2023-07-27,27.0,33.7
2023-07-28,27.4,34.0
2023-07-29,27.6,33.7
2023-07-30,21.8,26.1
2023-07-31,22.5,29.3
2023-08-01,21.7,26.8
2023-08-02,20.7,27.5
2023-08-03,21.3,26.1
2023-08-04,22.9,27.3
2023-08-05,24.2,30.5
2023-08-06,24.0,29.7
2023-08-07,24.0,27.5
2023-08-08,23.7,26.9
2023-08-09,24.2,29.3
2023-08-10,21.8,25.3
2023-08-11,23.1,29.0
2023-08-12,22.5,27.9
2023-08-13,25.1,30.5
2023-08-14,24.3,30.7
2023-08-15,23.8,26.8
2023-08-16,22.7,26.4
2023-08-17,22.7,25.5
2023-08-18,23.5,26.7
2023-08-19,20.5,26.2
2023-08-20,22.4,29.7
2023-08-21,24.8,30.9
2023-08-22,21.9,25.9
2023-08-23,20.2,25.3
2023-08-24,21.1,24.2
2023-08-25,23.2,27.8
2023-08-26,24.5,30.0
2023-08-27,23.0,28.1
2023-08-28,21.4,24.8
2023-08-29,22.4,27.4
2023-08-30,24.2,29.4
2023-08-31,20.3,24.9
2023-09-01,18.7,24.2
2023-09-02,19.5,26.7
2023-09-03,25.0,32.1
2023-09-04,26.7,33.6
2023-09-05,27.9,35.1
2023-09-06,28.7,35.7
2023-09-07,27.5,35.0
2023-09-08,24.9,31.5
2023-09-09,23.5,29.0
2023-09-10,21.7,24.3
2023-09-11,22.6,27.4
2023-09-12,22.8,28.7
2023-09-13,22.1,26.4
2023-09-14,20.1,24.8
2023-09-15,17.1,21.2
2023-09-16,18.8,24.2
2023-09-17,18.1,24.0
2023-09-18,18.7,21.3
2023-09-19,17.7,23.2
2023-09-20,17.0,23.3
2023-09-21,16.6,22.6
2023-09-22,17.0,22.2
2023-09-23,14.9,15.9
2023-09-24,17.0,19.6
2023-09-25,15.9,17.1
2023-09-26,15.0,16.8
2023-09-27,13.5,17.5
2023-09-28,14.1,18.5
2023-09-29,14.9,16.9
2023-09-30,16.1,21.5
2023-10-01,18.7,24.8
2023-10-02,19.6,25.2
2023-10-03,19.0,27.2
2023-10-04,19.8,27.6
2023-10-05,17.7,23.8
2023-10-06,19.6,22.2
2023-10-07,16.9,20.4
2023-10-08,12.6,16.7
2023-10-09,11.3,15.4
2023-10-10,13.1,17.8
2023-10-11,13.8,20.5
2023-10-12,13.6,20.8
2023-10-13,12.6,17.4
2023-10-14,10.3,11.7
2023-10-15,11.9,16.4
2023-10-16,11.4,17.5
2023-10-17,12.0,16.6
2023-10-18,11.9,17.0
2023-10-19,12.5,17.8
2023-10-20,15.0,17.1
2023-10-21,14.3,17.5
2023-10-22,11.3,13.7
2023-10-23,10.4,15.9
2023-10-24,10.4,17.5
2023-10-25,14.1,21.8
2023-10-26,16.8,25.7
2023-10-27,17.3,24.4
2023-10-28,20.4,26.8
2023-10-29,12.5,16.0
2023-10-30,13.6,18.9
2023-10-31,8.9,10.4
2023-11-01,6.5,9.5
2023-11-02,4.1,9.5
2023-11-03,6.3,12.9
2023-11-04,8.4,14.8
2023-11-05,10.2,16.8
2023-11-06,7.8,11.9
2023-11-07,13.7,20.1
2023-11-08,7.2,10.6
2023-11-09,9.0,15.1
2023-11-10,7.9,10.5
2023-11-11,7.0,12.0
2023-11-12,2.7,6.9
2023-11-13,2.9,8.7
2023-11-14,5.9,11.0
2023-11-15,4.7,10.6
2023-11-16,8.6,17.6
2023-11-17,11.4,19.3
2023-11-18,9.8,13.0
2023-11-19,5.8,12.2
2023-11-20,3.0,6.9
2023-11-21,3.6,8.2
2023-11-22,11.0,14.2
2023-11-23,7.8,11.0
2023-11-24,5.0,9.6
2023-11-25,0.2,4.0
2023-11-26,4.0,10.3
2023-11-27,7.2,12.6
2023-11-28,0.7,3.7
2023-11-29,-1.4,2.4
2023-11-30,2.8,9.4
2023-12-01,4.8,7.6
2023-12-02,8.6,16.0
2023-12-03,8.3,9.9
2023-12-04,7.1,10.7
2023-12-05,3.6,6.4
2023-12-06,1.3,4.8
2023-12-07,0.0,3.3
2023-12-08,2.8,8.9
2023-12-09,6.5,13.3
2023-12-10,11.6,16.8
2023-12-11,5.7,13.9
2023-12-12,1.9,6.0
2023-12-13,2.8,7.3
2023-12-14,0.3,4.4
2023-12-15,4.2,12.3
2023-12-16,5.8,11.3
2023-12-17,9.3,12.9
2023-12-18,11.4,15.4
2023-12-19,2.7,5.9
2023-12-20,1.1,7.4
2023-12-21,0.7,4.2
2023-12-22,-2.3,2.5
2023-12-23,0.4,5.8
2023-12-24,4.1,8.5
2023-12-25,5.7,11.4
2023-12-26,4.6,7.5
2023-12-27,6.7,8.8
2023-12-28,9.7,11.5
2023-12-29,9.3,13.2
2023-12-30,5.1,7.8
2023-12-31,2.6,6.3
2024-01-01,3.3,7.4
2024-01-02,-0.2,5.5
2024-01-03,1.2,7.5
2024-01-04,1.8,6.6
2024-01-05,-2.0,2.9
2024-01-06,-1.3,2.5
2024-01-07,1.3,2.3
2024-01-08,1.2,6.1
2024-01-09,3.0,12.4
2024-01-10,9.0,13.6
2024-01-11,4.3,7.9
2024-01-12,3.8,7.9
2024-01-13,8.9,14.4
2024-01-14,-0.1,6.1
2024-01-15,-3.7,-1.0
2024-01-16,-3.0,-1.1
2024-01-17,-6.7,-4.4
2024-01-18,-3.7,0.2
2024-01-19,-2.7,-1.1
2024-01-20,-6.3,-3.6
2024-01-21,-5.2,-1.4
2024-01-22,-2.7,3.4
2024-01-23,0.8,4.3
2024-01-24,2.6,5.3
2024-01-25,8.6,11.1
2024-01-26,5.9,8.1
2024-01-27,5.1,8.3
2024-01-28,3.1,4.0
2024-01-29,2.7,5.6
2024-01-30,0.2,4.1
2024-01-31,1.9,4.2
2024-02-01,2.0,8.8
2024-02-02,3.5,5.8
2024-02-03,0.9,5.8
2024-02-04,0.7,7.3
2024-02-05,0.7,6.8
2024-02-06,-0.5,5.4
2024-02-07,1.3,7.9
2024-02-08,1.9,9.8
2024-02-09,5.0,11.1
2024-02-10,8.0,15.6
2024-02-11,6.6,8.8
2024-02-12,3.7,8.9
2024-02-13,0.7,3.2
2024-02-14,-2.2,0.1
2024-02-15,-1.2,2.6
2024-02-16,1.1,4.8
2024-02-17,-1.2,2.0
2024-02-18,-2.2,4.7
2024-02-19,-0.6,3.9
2024-02-20,-2.9,2.1
2024-02-21,-1.4,4.3
2024-02-22,0.8,6.6
2024-02-23,4.3,8.0
2024-02-24,2.0,5.3
2024-02-25,-2.4,3.8
2024-02-26,3.1,11.2
2024-02-27,7.4,13.7
2024-02-28,13.4,16.9
2024-02-29,0.8,6.5
2024-03-01,0.6,5.7
2024-03-02,6.4,9.9
2024-03-03,11.4,18.5
2024-03-04,8.0,14.1
2024-03-05,6.3,8.2
2024-03-06,6.9,9.6
2024-03-07,9.5,12.4
2024-03-08,5.8,12.2
2024-03-09,5.0,7.7
2024-03-10,7.0,10.6
2024-03-11,4.8,9.9
2024-03-12,9.0,17.3
2024-03-13,8.5,15.2
2024-03-14,11.4,21.0
2024-03-15,14.7,21.4
2024-03-16,9.1,14.1
2024-03-17,10.7,15.6
2024-03-18,6.5,9.0
2024-03-19,3.3,7.3
2024-03-20,5.7,11.7
2024-03-21,0.6,5.3
2024-03-22,0.7,5.4
2024-03-23,5.5,9.8
2024-03-24,2.4,8.4
2024-03-25,3.8,10.0
2024-03-26,5.4,9.7
2024-03-27,7.2,10.7
2024-03-28,8.3,10.5
2024-03-29,7.2,12.4
2024-03-30,7.9,14.4
2024-03-31,10.2,16.0
2024-04-01,8.2,12.4
2024-04-02,7.1,8.7
2024-04-03,5.5,6.7
2024-04-04,5.4,9.0
2024-04-05,5.2,9.3
2024-04-06,6.6,11.3
2024-04-07,6.9,14.1
2024-04-08,8.7,17.8
2024-04-09,13.9,23.8
2024-04-10,12.0,15.7
2024-04-11,12.2,16.9
2024-04-12,15.3,19.4
2024-04-13,9.4,11.9
2024-04-14,14.0,22.0
2024-04-15,18.0,24.5
2024-04-16,14.1,20.3
2024-04-17,10.4,15.4
2024-04-18,8.3,9.1
2024-04-19,8.3,13.0
2024-04-20,12.7,19.9
2024-04-21,7.4,11.8
2024-04-22,8.5,14.8
2024-04-23,9.0,14.6
2024-04-24,13.3,21.2
2024-04-25,7.4,12.1
2024-04-26,7.8,14.3
2024-04-27,8.8,14.3
2024-04-28,15.1,22.6
2024-04-29,19.6,28.1
2024-04-30,15.2,22.7
2024-05-01,15.2,24.5
2024-05-02,18.1,27.6
2024-05-03,13.4,17.0
2024-05-04,11.3,16.3
2024-05-05,10.4,11.8
2024-05-06,16.5,22.4
2024-05-07,18.9,25.9
2024-05-08,22.8,30.6
2024-05-09,17.2,20.8
2024-05-10,10.4,14.8
2024-05-11,11.2,16.3
2024-05-12,10.3,13.2
2024-05-13,12.7,19.8
2024-05-14,16.1,22.3
2024-05-15,15.5,19.5
2024-05-16,16.3,18.8
2024-05-17,17.2,22.4
2024-05-18,16.4,22.6
2024-05-19,16.5,23.1
2024-05-20,16.1,23.6
2024-05-21,18.9,26.9
2024-05-22,21.8,28.3
2024-05-23,22.5,26.9
2024-05-24,22.3,29.1
2024-05-25,19.4,25.8
2024-05-26,19.8,25.8
2024-05-27,19.0,22.3
2024-05-28,21.8,26.9
2024-05-29,18.8,24.9
2024-05-30,17.4,21.5
2024-05-31,18.4,24.8
2024-06-01,20.6,27.9
2024-06-02,20.8,27.1
2024-06-03,23.4,29.8
2024-06-04,20.6,25.4
2024-06-05,20.1,26.0
2024-06-06,22.9,27.5
2024-06-07,22.8,28.3
2024-06-08,20.2,25.1
2024-06-09,20.2,25.2
2024-06-10,19.2,24.2
2024-06-11,18.7,23.1
2024-06-12,19.7,25.6
2024-06-13,21.6,28.8
2024-06-14,23.0,29.4
2024-06-15,21.6,27.2
2024-06-16,19.0,23.8
2024-06-17,22.6,29.3
2024-06-18,24.8,29.7
2024-06-19,24.7,30.9
2024-06-20,26.2,33.2
2024-06-21,27.7,35.3
2024-06-22,26.9,34.4
2024-06-23,29.1,36.1
2024-06-24,25.1,27.0
2024-06-25,26.2,33.6
2024-06-26,28.2,35.6
2024-06-27,25.0,30.2
2024-06-28,20.0,25.2
2024-06-29,22.9,26.7
2024-06-30,26.1,33.2
2024-07-01,21.7,26.7
2024-07-02,22.5,28.5
2024-07-03,22.6,27.9
2024-07-04,24.6,30.3
2024-07-05,26.7,32.0
2024-07-06,27.9,33.0
2024-07-07,27.7,32.4
2024-07-08,26.8,32.8
2024-07-09,26.8,30.8
2024-07-10,27.9,31.9
2024-07-11,27.8,34.3
2024-07-12,25.0,29.3
2024-07-13,25.2,30.6
2024-07-14,26.8,31.2
2024-07-15,28.6,35.0
2024-07-16,28.7,35.0
2024-07-17,27.2,31.9
2024-07-18,25.5,30.7
2024-07-19,23.6,28.7
2024-07-20,23.9,28.6
2024-07-21,25.7,31.2
2024-07-22,24.5,28.2
2024-07-23,24.4,29.4
2024-07-24,24.4,29.3
2024-07-25,24.9,30.5
2024-07-26,23.7,29.2
2024-07-27,24.1,29.8
2024-07-28,24.3,31.3
2024-07-29,24.8,29.3
2024-07-30,26.1,31.9
2024-07-31,25.8,31.8
2024-08-01,27.4,34.7
2024-08-02,27.1,32.8
2024-08-03,26.7,32.9
2024-08-04,24.3,28.1
2024-08-05,26.5,31.8
2024-08-06,25.6,32.4
2024-08-07,20.9,22.5
2024-08-08,20.5,23.2
2024-08-09,24.6,28.3
2024-08-10,25.1,29.3
2024-08-11,22.9,27.3
2024-08-12,21.7,26.2
2024-08-13,21.4,26.9
2024-08-14,22.8,28.3
2024-08-15,23.8,30.1
2024-08-16,23.9,30.2
2024-08-17,23.2,26.3
2024-08-18,22.6,25.5
2024-08-19,22.7,28.3
2024-08-20,18.9,22.3
2024-08-21,17.7,22.5
2024-08-22,18.7,24.4
2024-08-23,20.4,27.3
2024-08-24,21.8,29.7
2024-08-25,22.8,30.0
2024-08-26,23.1,29.7
2024-08-27,23.1,29.7
2024-08-28,27.0,34.0
2024-08-29,23.1,26.8
2024-08-30,20.5,23.7
2024-08-31,21.5,25.6
2024-09-01,24.0,28.9
2024-09-02,21.6,26.0
2024-09-03,17.5,22.8
2024-09-04,18.2,24.9
2024-09-05,18.7,25.4
2024-09-06,19.8,26.3
2024-09-07,19.6,24.3
2024-09-08,16.2,21.6
2024-09-09,17.8,24.8
2024-09-10,19.3,25.9
2024-09-11,18.3,25.3
2024-09-12,19.3,26.1
2024-09-13,19.7,27.2
2024-09-14,21.6,29.4
2024-09-15,20.7,27.9
2024-09-16,18.7,25.5
2024-09-17,19.9,27.0
2024-09-18,20.4,23.6
2024-09-19,22.5,29.5
2024-09-20,21.8,27.5
2024-09-21,20.1,26.9
2024-09-22,18.6,25.1
2024-09-23,17.0,20.9
2024-09-24,17.2,20.0
2024-09-25,17.7,20.5
2024-09-26,20.1,23.1
2024-09-27,20.2,22.1
2024-09-28,17.7,19.8
2024-09-29,17.0,18.4
2024-09-30,17.9,22.7
2024-10-01,17.3,22.0
2024-10-02,16.1,20.5
2024-10-03,17.7,22.1
2024-10-04,17.3,23.2
2024-10-05,18.5,23.8
2024-10-06,15.8,21.6
2024-10-07,18.4,23.4
2024-10-08,15.3,20.7
2024-10-09,14.7,20.0
2024-10-10,12.1,17.8
2024-10-11,13.3,20.9
2024-10-12,17.3,22.9
2024-10-13,16.5,23.4
2024-10-14,13.4,19.3
2024-10-15,9.6,14.5
2024-10-16,9.7,15.3
2024-10-17,9.2,15.0
2024-10-18,12.0,19.3
2024-10-19,12.9,21.4
2024-10-20,14.1,24.4
2024-10-21,17.1,27.6
2024-10-22,18.7,27.5
2024-10-23,17.5,25.1
2024-10-24,16.1,20.5
2024-10-25,11.7,17.9
2024-10-26,13.3,18.1
2024-10-27,9.4,14.6
2024-10-28,9.1,16.0
2024-10-29,12.6,17.3
2024-10-30,17.1,25.7
2024-10-31,19.7,28.0
2024-11-01,20.8,26.4
2024-11-02,12.0,15.7
2024-11-03,7.3,13.0
2024-11-04,8.9,14.1
2024-11-05,15.4,22.3
2024-11-06,20.7,26.7
2024-11-07,17.9,22.8
2024-11-08,13.3,20.4
2024-11-09,8.5,12.8
2024-11-10,8.5,14.2
2024-11-11,15.6,20.8
2024-11-12,9.5,11.9
2024-11-13,4.9,8.9
2024-11-14,4.5,7.6
2024-11-15,8.1,14.5
2024-11-16,10.4,16.2
2024-11-17,11.1,17.8
2024-11-18,12.2,17.7
2024-11-19,10.6,14.5
2024-11-20,11.6,15.7
2024-11-21,8.4,12.0
2024-11-22,3.3,4.7
2024-11-23,5.5,8.6
2024-11-24,7.9,10.7
2024-11-25,6.5,10.6
2024-11-26,10.5,14.6
2024-11-27,5.7,10.1
2024-11-28,6.6,11.5
2024-11-29,3.7,7.6
2024-11-30,0.1,3.3
2024-12-01,-1.3,2.5
2024-12-02,-0.7,3.7
2024-12-03,0.6,4.9
2024-12-04,-0.0,3.6
2024-12-05,2.0,4.4
2024-12-06,-1.3,-0.1
2024-12-07,0.4,4.4
2024-12-08,5.4,11.1
2024-12-09,5.3,10.2
2024-12-10,7.9,10.8
2024-12-11,12.7,15.9
2024-12-12,1.4,4.9
2024-12-13,-2.6,0.0
2024-12-14,-2.9,0.4
2024-12-15,-1.4,2.8
2024-12-16,5.2,9.3
2024-12-17,10.6,14.5
2024-12-18,6.1,9.7
2024-12-19,4.2,6.5
2024-12-20,0.7,2.3
2024-12-21,-2.9,0.1
2024-12-22,-9.3,-7.2
2024-12-23,-10.4,-4.2
2024-12-24,-1.9,1.2
2024-12-25,-3.1,-0.1
2024-12-26,-5.2,-0.5
2024-12-27,-4.1,1.8
2024-12-28,3.8,7.0
2024-12-29,9.3,15.9
2024-12-30,11.2,12.8
2024-12-31,6.0,9.5
2025-01-01,7.2,10.7
2025-01-02,2.4,5.2
2025-01-03,0.2,3.0
2025-01-04,-1.7,-0.3
2025-01-05,-2.4,0.1
2025-01-06,-2.6,-1.8
2025-01-07,-5.4,-3.2
2025-01-08,-4.5,-2.7
2025-01-09,-4.4,-1.7
2025-01-10,-1.1,3.1
2025-01-11,-1.4,0.2
2025-01-12,0.4,4.6
2025-01-13,1.0,6.4
2025-01-14,-1.9,0.1
2025-01-15,-3.6,-1.3
2025-01-16,-3.4,-0.8
2025-01-17,-0.9,4.8
2025-01-18,2.6,6.3
2025-01-19,0.5,2.4
2025-01-20,-7.3,-2.8
2025-01-21,-11.6,-8.6
2025-01-22,-12.0,-8.4
2025-01-23,-8.8,-3.7
2025-01-24,-6.6,-1.3
2025-01-25,-7.2,-2.2
2025-01-26,-1.3,3.9
2025-01-27,-1.5,1.8
2025-01-28,0.4,4.2
2025-01-29,3.8,8.9
2025-01-30,-2.2,0.8
2025-01-31,3.4,6.0
2025-02-01,0.5,6.0
2025-02-02,-4.7,1.1
2025-02-03,1.6,5.9
2025-02-04,3.4,5.9
2025-02-05,-1.7,1.6
2025-02-06,0.9,4.2
2025-02-07,1.1,4.9
2025-02-08,-2.1,0.9
2025-02-09,-0.4,1.2
2025-02-10,-2.3,0.3
2025-02-11,-4.4,-0.4
2025-02-12,-0.9,0.2
2025-02-13,3.1,7.0
2025-02-14,-1.3,0.8
2025-02-15,-1.2,1.5
2025-02-16,2.7,7.2
2025-02-17,-1.8,0.7
2025-02-18,-5.5,-3.2
2025-02-19,-5.4,-1.3
2025-02-20,-5.1,-1.3
2025-02-21,-4.2,-0.5
2025-02-22,-2.4,3.5
2025-02-23,2.3,7.7
2025-02-24,3.2,8.1
2025-02-25,6.9,12.3
2025-02-26,6.9,13.6
2025-02-27,8.3,11.9
2025-02-28,5.9,9.5
2025-03-01,6.8,15.8
2025-03-02,-3.6,0.4
2025-03-03,-1.8,3.5
2025-03-04,4.6,12.7
2025-03-05,9.5,12.4
2025-03-06,9.4,12.0
2025-03-07,3.6,8.0
2025-03-08,3.4,6.0
2025-03-09,3.5,10.2
2025-03-10,9.3,16.9
2025-03-11,9.3,15.9
2025-03-12,7.2,11.1
2025-03-13,5.5,10.2
2025-03-14,5.8,12.7
2025-03-15,6.4,9.0
2025-03-16,12.5,15.7
2025-03-17,11.4,14.6
2025-03-18,6.6,13.9
2025-03-19,7.9,14.0
2025-03-20,7.6,9.9
2025-03-21,6.3,9.1
2025-03-22,8.1,16.2
2025-03-23,2.9,8.1
2025-03-24,6.9,10.4
2025-03-25,9.1,14.0
2025-03-26,5.8,10.0
2025-03-27,4.4,9.7
2025-03-28,9.9,15.5
2025-03-29,15.8,26.1
2025-03-30,8.5,13.7
2025-03-31,16.4,23.8
2025-04-01,8.6,15.8
2025-04-02,NaN,8.3
2025-04-03,NaN,NaN
