Date,scaled_MWh
2025-03-30,0.16638138061417404
2025-03-29,0.15467081395942978
2025-03-28,0.20969802258443618
2025-03-27,0.20252222676408974
2025-03-26,0.23944867405855605
2025-03-25,0.22521524193960452
2025-03-24,0.28957385928159013
2025-03-23,0.13879272903786216
2025-03-22,0.14942708599458382
2025-03-21,0.16591832302897144
2025-03-20,0.18443423943590007
2025-03-19,0.1474566961320321
2025-03-18,0.188282407643963
2025-03-17,0.2400394716672628
2025-03-16,0.13551300393439272
2025-03-15,0.14484760615195955
2025-03-14,0.1745024526084513
2025-03-13,0.21146083490879364
2025-03-12,0.22956159623933373
2025-03-11,0.16825915895968527
2025-03-10,0.19357723161821064
2025-03-08,0.22928056818762454
2025-03-07,0.3126341270246794
2025-03-06,0.3043980890092484
2025-03-05,0.3167729037862143
2025-03-04,0.35809041438863626
2025-03-03,0.39153275254202646
2025-03-02,0.34953183281385725
2025-03-01,0.26496793725410045
2025-02-28,0.2778888406315467
2025-02-27,0.3364225129017424
2025-02-26,0.26316360942210415
2025-02-25,0.32286290940677537
2025-02-24,0.3407848347044096
2025-02-23,0.317807597976598
2025-02-22,0.3718064994123959
2025-02-21,0.5069905727862654
2025-02-20,0.5346494813755046
2025-02-19,0.5332251801134331
2025-02-18,0.5391203821981504
2025-02-17,0.4553069592764805
2025-02-16,0.3857876449849267
2025-02-15,0.43037210668846765
2025-02-14,0.4292607684839814
2025-02-13,0.45226994021766903
2025-02-12,0.48937841704562873
2025-02-11,0.49176715548515665
2025-02-10,0.45548260180879874
2025-02-09,0.41250447090082265
2025-02-08,0.4054148995963415
2025-02-07,0.4144205712533851
2025-02-06,0.5053618874865873
2025-02-05,0.4551887997547392
2025-02-04,0.40081945225077925
2025-02-03,0.43317919370497165
2025-02-02,0.4809986715037556
2025-02-01,0.38055988452301875
2025-01-31,0.43642698380256506
2025-01-30,0.47453821981503247
2025-01-29,0.43525496908691436
2025-01-28,0.44063282407643967
2025-01-27,0.4396843544019212
2025-01-26,0.399861402074498
2025-01-25,0.4743593837821266
2025-01-24,0.5475959327576516
2025-01-23,0.592499744519953
2025-01-22,0.6524896530580961
2025-01-21,0.636487021613612
2025-01-20,0.5370286393132696
2025-01-19,0.375137320525267
2025-01-18,0.36897386439119106
2025-01-17,0.4610424863318175
2025-01-16,0.5230443002401512
2025-01-15,0.38752490930458333
2025-01-14,0.48690345409023555
2025-01-13,0.45470019416483576
2025-01-12,0.3603705738081856
2025-01-11,0.4206830259056768
2025-01-10,0.47776046190792504
2025-01-09,0.5819260640743958
2025-01-08,0.5856464922589546
2025-01-07,0.5791349445608298
2025-01-06,0.5429142608962241
2025-01-05,0.4348110725052374
2025-01-04,0.4353986766133565
2025-01-03,0.43370931480251396
2025-01-02,0.4017934699299985
2025-01-01,0.25010538551939093
2024-12-31,0.25436870880384244
2024-12-30,0.26049384293086714
2024-12-29,0.24231963108681212
2024-12-28,0.3162140411833836
2024-12-27,0.44242757140667316
2024-12-26,0.460675233764243
2024-12-25,0.3614340095038578
2024-12-24,0.4617514434622656
2024-12-23,0.612069516120791
2024-12-22,0.5441054366154003
2024-12-21,0.4662351182872618
2024-12-20,0.45587220888048646
2024-12-19,0.37476687445710494
2024-12-18,0.33507166215318585
2024-12-17,0.3155913085688008
2024-12-16,0.40216391599816054
2024-12-15,0.3969776710438915
2024-12-14,0.4034477032343774
2024-12-13,0.46387831485361
2024-12-12,0.39991249808389967
2024-12-11,0.33481298860558995
2024-12-10,0.3412542792907874
2024-12-09,0.37142966634305863
2024-12-08,0.3038488069081805
2024-12-07,0.3772546114148485
2024-12-06,0.4617514434622656
2024-12-05,0.4391350723008533
2024-12-04,0.4454933319707731
2024-12-03,0.4231835368657708
2024-12-02,0.41990061826171377
2024-12-01,0.33390603443871036
2024-11-30,0.2893343467375198
2024-11-29,0.25374597618925965
2024-11-28,0.2325155842828675
2024-11-27,0.25880767462061216
2024-11-26,0.2800604210311175
2024-11-25,0.25049818609166624
2024-11-24,0.1930247560165551
2024-11-23,0.21254023810740383
2024-11-22,0.3152080884982883
2024-11-21,0.27521268713913444
2024-11-20,0.22460528332737215
2024-11-19,0.21903901180317817
2024-11-18,0.2026403862858311
2024-11-17,0.1456108527923969
2024-11-16,0.14908538143171018
2024-11-15,0.24954013591538501
2024-11-14,0.2947090082264575
2024-11-13,0.2541355832609473
2024-11-12,0.2226253129630576
2024-11-11,0.21039420571253387
2024-11-10,0.15112602830718921
2024-11-09,0.11715995605743192
2024-11-08,0.18950232486842777
2024-11-07,0.22458292882325892
2024-11-06,0.24918246384957335
2024-11-05,0.20324395789688826
2024-11-04,0.24648076235246028
2024-11-03,0.15991454192427573
2024-11-02,0.11844054979306116
2024-11-01,0.23035039088447193
2024-10-31,0.21791170609575394
2024-10-30,0.19732959480864545
2024-10-29,0.23193436717592358
2024-10-28,0.19490253436206634
2024-10-27,0.10444663021817996
2024-10-26,0.09269774155638445
2024-10-25,0.1691469521230392
2024-10-24,0.185322032599254
2024-10-23,0.21677481988656686
2024-10-22,0.20866971539522763
2024-10-21,0.1779386592407133
2024-10-20,0.06984185785090184
2024-10-19,0.08532714220019416
2024-10-18,0.16353597159061878
2024-10-17,0.18448852894588932
2024-10-16,0.2020432016759491
2024-10-15,0.19796190792499108
2024-10-14,0.2095670890603444
2024-10-13,0.13319132900720454
2024-10-12,0.06302373409636708
2024-10-11,0.14958676102396404
2024-10-10,0.16597899954013592
2024-10-09,0.06402010627969956
2024-10-08,0.16037759950947833
2024-10-07,0.21364199581012724
2024-10-06,0.09290212559399111
2024-10-05,0.12125083031015278
2024-10-04,0.20067957692504215
2024-10-03,0.19460234530683154
2024-10-02,0.2105826222472025
2024-10-01,0.2256687190230443
2024-09-30,0.2319535281794492
2024-09-29,0.16702966123345767
2024-09-28,0.19151742373920597
2024-09-27,0.27305388074191406
2024-09-26,0.314984543457156
2024-09-25,0.24259107863675847
2024-09-24,0.21925616984313526
2024-09-23,0.258236038015431
2024-09-22,0.2054410863011599
2024-09-21,0.2530945020693884
2024-09-20,0.3867904041694344
2024-09-19,0.40230762352460275
2024-09-18,0.3612966889785908
2024-09-17,0.36441673905268
2024-09-16,0.34312886413571103
2024-09-15,0.3081249041949824
2024-09-14,0.3313320729651014
2024-09-13,0.36017896377292935
2024-09-12,0.32019633641612594
2024-09-11,0.2593186347146288
2024-09-10,0.258082749987226
2024-09-09,0.22267640897245927
2024-09-08,0.09774666598538655
2024-09-07,0.2531935005876041
2024-09-06,0.3415576618466098
2024-09-05,0.2979376373205253
2024-09-04,0.27031705073833734
2024-09-03,0.23718767564253232
2024-09-02,0.2768030504317613
2024-09-01,0.41137077819222323
2024-08-31,0.38618363905778963
2024-08-30,0.4144301517551479
2024-08-29,0.5339628787491697
2024-08-28,0.7386439119104798
2024-08-27,0.5729555209238159
2024-08-26,0.5347133513872567
2024-08-25,0.37400043431607993
2024-08-24,0.3096130754688059
2024-08-23,0.3170507383373359
2024-08-22,0.2591685401870114
2024-08-21,0.2362392059680139
2024-08-20,0.29916394154616527
2024-08-19,0.5417071176741097
2024-08-18,0.46867814623677895
2024-08-17,0.49147974043227227
2024-08-16,0.5901748760921772
2024-08-15,0.5519454805579684
2024-08-14,0.5028901180317817
2024-08-13,0.4103424710030147
2024-08-12,0.40914490828266314
2024-08-11,0.3629700832864953
2024-08-10,0.48269442031577336
2024-08-09,0.6093262991160391
2024-08-08,0.41199989780798124
2024-08-07,0.4497758162587502
2024-08-06,0.7323048132440857
2024-08-05,0.7552565019671964
2024-08-04,0.6183000357672066
2024-08-03,0.7304972919115017
2024-08-02,0.8682010372489909
2024-08-01,0.8628391497624036
2024-07-31,0.8233355474937408
2024-07-30,0.769416483572633
2024-07-29,0.6533008022073477
2024-07-28,0.4754803024883757
2024-07-27,0.44278204997189724
2024-07-26,0.48336505543917024
2024-07-25,0.6267691993255327
2024-07-24,0.6838562158295437
2024-07-23,0.6627982729548823
2024-07-22,0.6971603392775024
2024-07-21,0.5572722395380921
2024-07-20,0.4761158091053089
2024-07-19,0.5326982525164785
2024-07-18,0.6862705022737724
2024-07-17,0.8426721935516837
2024-07-16,0.9082826631240101
2024-07-15,0.875322543559348
2024-07-14,0.6733527923969138
2024-07-13,0.6599656379336775
2024-07-12,0.7308964794849523
2024-07-11,0.8053816871902305
2024-07-10,0.9214143375402382
2024-07-09,0.8837374176076849
2024-07-08,0.8523133718256605
2024-07-07,0.6809724847989372
2024-07-06,0.6894512288590261
2024-07-05,0.7246404118338358
2024-07-04,0.5114486996065607
2024-07-03,0.49785716110571765
2024-07-02,0.4298866945991518
2024-07-01,0.3928069592764805
2024-06-30,0.4843486536201523
2024-06-29,0.3858227734913903
2024-06-28,0.3370835675233764
2024-06-27,0.5308779571815442
2024-06-26,0.6941456747228042
2024-06-25,0.5754113228756834
2024-06-24,0.5739391191047979
2024-06-23,0.7039624955290992
2024-06-22,0.7246084768279598
2024-06-21,0.8354069797148843
2024-06-20,0.8054647182055081
2024-06-19,0.7531775330846662
2024-06-18,0.7039944305349752
2024-06-17,0.5254937151908436
2024-06-16,0.20814917479944817
2024-06-15,0.270505467273006
2024-06-14,0.4865266210208983
2024-06-13,0.4142353482193041
2024-06-12,0.29355296101374484
2024-06-11,0.2806160901333606
2024-06-10,0.2844067753308467
2024-06-09,0.20683664605794289
2024-06-08,0.22694611925808594
2024-06-07,0.41396709416994537
2024-06-06,0.533710592202749
2024-06-05,0.48815211281998877
2024-06-04,0.4692689438454857
2024-06-03,0.4477032343773951
2024-06-02,0.2234875581217107
2024-06-01,0.16616422257421695
2024-05-31,0.18403824536303715
2024-05-30,0.19279801747483521
2024-05-29,0.27398318941290684
2024-05-28,0.3443455878595882
2024-05-27,0.29004330386796795
2024-05-26,0.23758686321598285
2024-05-25,0.21421682591589597
2024-05-24,0.3380671657043585
2024-05-23,0.37295615962393336
2024-05-22,0.4031028051709162
2024-05-21,0.32178669970875273
2024-05-20,0.22190038832967146
2024-05-19,0.08911782739768025
2024-05-18,0.09200794542946196
2024-05-17,0.16135481068928517
2024-05-16,0.17774704920545706
2024-05-15,0.18925323182259465
2024-05-14,0.1486893873588473
2024-05-13,0.12711090388840632
2024-05-12,0.045756476419191665
2024-05-11,0.03426626130499208
2024-05-10,0.15123780082775537
2024-05-09,0.16880524756016554
2024-05-08,0.2209263706504522
2024-05-07,0.1379719993868479
2024-05-06,0.13546829492616627
2024-05-05,0.09519186551530326
2024-05-04,0.044670686219406265
2024-05-03,0.10790519135455522
2024-05-02,0.13344042205303766
2024-05-01,0.13542677941852743
2024-04-30,0.157960119564662
2024-04-29,0.18798221858872824
2024-04-28,0.05436934750395994
2024-04-27,0.057371238056307804
2024-04-26,0.10129145163762711
2024-04-25,0.11413890450155843
2024-04-24,0.15101744928721067
2024-04-23,0.10920813959429769
2024-04-22,0.10958177916304737
2024-04-21,0.09782330999948904
2024-04-20,0.07840043942568085
2024-04-19,0.1622266363497011
2024-04-18,0.21110635634356958
2024-04-17,0.15410875785601144
2024-04-16,0.10008750191610036
2024-04-15,0.13462201727045117
2024-04-14,0.08663967094169946
2024-04-13,0.12963376935261356
2024-04-12,0.17196681314189363
2024-04-11,0.184233048898881
2024-04-10,0.15028933115323695
2024-04-09,0.12332341219150784
2024-04-08,0.16417147820755199
2024-04-07,0.07502810280517092
2024-04-06,0.15304212865975167
2024-04-05,0.2562049716417148
2024-04-04,0.28593965561289664
2024-04-03,0.3158180471105207
2024-04-02,0.25211409738899393
2024-04-01,0.18955342087782945
2024-03-31,0.05327717030299934
2024-03-30,0.11593365183179194
2024-03-29,0.19422870573808187
2024-03-28,0.24746116703285476
2024-03-27,0.24046101374482654
2024-03-26,0.24720888048643402
2024-03-25,0.24216314955801954
2024-03-24,0.21068481426600583
2024-03-23,0.2972797761994788
2024-03-22,0.3424039395023249
2024-03-21,0.3265514025854581
2024-03-20,0.28600671912523634
2024-03-19,0.27225869909560063
2024-03-18,0.23678848806908182
2024-03-17,0.09146824383015686
2024-03-16,0.08705482601808799
2024-03-15,0.1864812733125543
2024-03-14,0.15641765878084923
2024-03-13,0.16494111184916457
2024-03-12,0.1913705227121762
2024-03-11,0.28106318021562515
2024-03-10,0.16397986817229576
2024-03-09,0.22875044709008227
2024-03-08,0.18946400286137655
2024-03-07,0.23302654437688416
2024-03-06,0.25856496857595423
2024-03-05,0.24442414797404324
2024-03-04,0.19010270297889736
2024-03-03,0.13895559756782996
2024-03-02,0.2516286852996781
2024-03-01,0.3007191763323285
2024-02-29,0.36230583516427367
2024-02-28,0.2825353839865107
2024-02-27,0.2467202748965306
2024-02-26,0.2785371212508303
2024-02-25,0.27164874048336823
2024-02-24,0.2573258903479638
2024-02-23,0.29710732716774824
2024-02-22,0.3459838536610291
2024-02-21,0.3514287721628941
2024-02-20,0.38332545603188395
2024-02-19,0.3437931122579327
2024-02-18,0.3538430586071228
2024-02-17,0.36140846149915695
2024-02-16,0.3786629451739819
2024-02-15,0.4257638853405549
2024-02-14,0.4108406570946809
2024-02-13,0.3805854325277196
2024-02-12,0.32051249297429873
2024-02-11,0.21417211690766952
2024-02-10,0.1860277962291145
2024-02-09,0.2615924071330029
2024-02-08,0.30584155127484547
2024-02-07,0.3568162076541822
2024-02-06,0.3670194420315773
2024-02-05,0.3527860099126258
2024-02-04,0.25778575443257884
2024-02-03,0.2752382351438353
2024-02-02,0.3658953298247407
2024-02-01,0.3819905727862654
2024-01-31,0.40736293495478004
2024-01-30,0.43035933268611726
2024-01-29,0.4163207041030096
2024-01-28,0.30769697511624344
2024-01-27,0.2672576771754126
2024-01-26,0.3419504624188851
2024-01-25,0.32861121046446273
2024-01-24,0.4029846456491748
2024-01-23,0.442590439936641
2024-01-22,0.5109760615195953
2024-01-21,0.49590273874610397
2024-01-20,0.5277131980992285
2024-01-19,0.5336978182003985
2024-01-18,0.5609703132185376
2024-01-17,0.489707347606152
2024-01-16,0.519876347657248
2024-01-15,0.453633564968576
2024-01-14,0.33085624137754843
2024-01-13,0.2599094323233356
2024-01-12,0.31560727607173883
2024-01-11,0.3455463440805273
2024-01-10,0.3272443922129682
2024-01-09,0.4073373869500792
2024-01-08,0.38781871135864293
2024-01-07,0.35098806908180474
2024-01-06,0.3770023248684278
2024-01-05,0.43208382300342346
2024-01-04,0.38988490623882277
2024-01-03,0.38180854325277197
2024-01-02,0.3684086147871851
2024-01-01,0.25423138827857544
2023-12-31,0.26154131112360124
2023-12-30,0.23705674211844055
2023-12-29,0.24264536814674775
2023-12-28,0.26089941750549284
2023-12-27,0.27433447447754333
2023-12-26,0.2650190332635021
2023-12-25,0.16765239384804048
2023-12-24,0.24489039905983342
2023-12-23,0.32985667569362837
2023-12-22,0.40868823769863577
2023-12-21,0.3888310510449134
2023-12-20,0.40558734862807216
2023-12-19,0.38296139696489706
2023-12-18,0.30575532675898015
2023-12-17,0.23246448827346586
2023-12-16,0.21891446528026162
2023-12-15,0.31460132338664354
2023-12-14,0.38822428593326863
2023-12-13,0.36455405957794695
2023-12-12,0.3468652598232078
2023-12-11,0.3556409994379439
2023-12-10,0.2172570384752951
2023-12-09,0.20936589852332535
2023-12-08,0.3322965101425579
2023-12-07,0.4279929487507026
2023-12-06,0.39539050125185227
2023-12-05,0.3601853507741046
2023-12-04,0.3058064227683818
2023-12-03,0.2338887895355373
2023-12-02,0.22390590669868685
2023-12-01,0.3262288590261101
2023-11-30,0.339692657503449
2023-11-29,0.4268592560421031
2023-11-28,0.39289957079352106
2023-11-27,0.3006712738235144
2023-11-26,0.23532586479995912
2023-11-25,0.2463338613254305
2023-11-24,0.21257856011445506
2023-11-23,0.15666355832609474
2023-11-22,0.2915793776506055
2023-11-21,0.3642410965203618
2023-11-20,0.28928963772929334
2023-11-19,0.17182629911603906
2023-11-18,0.1437394614480609
2023-11-17,0.2178957385928159
2023-11-16,0.22781155791732666
2023-11-15,0.26358834500025546
2023-11-14,0.28576081957999083
2023-11-13,0.30247560165551074
2023-11-12,0.1945863778038935
2023-11-11,0.1767666445250626
2023-11-10,0.24969981094476523
2023-11-09,0.27218844208267334
2023-11-08,0.24111248786469777
2023-11-07,0.22276263348832456
2023-11-06,0.2316437586224516
2023-11-05,0.15537977108987788
2023-11-04,0.14579926932706555
2023-11-03,0.21908372081140465
2023-11-02,0.27210541106739566
2023-11-01,0.26729280568187624
2023-10-31,0.21755722753052986
2023-10-30,0.23550789433345257
2023-10-29,0.13405357416585764
2023-10-28,0.14819120126718105
2023-10-27,0.20461716314955802
2023-10-26,0.2058466608757856
2023-10-25,0.19141203821981503
2023-10-24,0.19048592304940984
2023-10-23,0.17909470645342598
2023-10-22,0.10677788564713096
2023-10-21,0.12540557457462573
2023-10-20,0.20507383373358543
2023-10-19,0.1745152266108017
2023-10-18,0.1975307853456645
2023-10-17,0.18996538245363037
2023-10-16,0.18289177865208728
2023-10-15,0.09143950232486843
2023-10-14,0.12683945633845997
2023-10-13,0.14644116294517398
2023-10-12,0.16614186807010373
2023-10-11,0.17890628991875734
2023-10-10,0.17282267129937154
2023-10-09,0.1409419549333197
2023-10-08,0.052830080220734765
2023-10-07,0.17366256195391142
2023-10-06,0.3228405549026621
2023-10-05,0.3172391548720045
2023-10-04,0.36291898727709365
2023-10-03,0.28991556384446376
2023-10-02,0.24873218026672117
2023-10-01,0.10886004803024885
2023-09-30,0.11294134178120689
2023-09-29,0.20089034796382405
2023-09-28,0.16100991262582393
2023-09-27,0.13858515149966788
2023-09-26,0.17501021920188034
2023-09-25,0.1943340912574728
2023-09-24,0.12618798221858873
2023-09-23,0.12432617137601554
2023-09-22,0.19237328189668387
2023-09-21,0.20197294466302182
2023-09-20,0.206932451075571
2023-09-19,0.2267577027234173
2023-09-18,0.29669536559194726
2023-09-17,0.15520093505697205
2023-09-16,0.12498083899647439
2023-09-15,0.203052347861632
2023-09-14,0.3444829083848552
2023-09-13,0.4933798732818967
2023-09-12,0.5140514025854581
2023-09-11,0.5497259976495836
2023-09-10,0.4557540493587451
2023-09-09,0.5627458995452456
2023-09-08,0.7126647846303203
2023-09-07,0.8794229983138317
2023-09-06,0.9028281641203822
2023-09-05,0.8289816565326248
2023-09-04,0.5995190588115068
2023-09-03,0.4153147514179143
2023-09-02,0.22694931275867355
2023-09-01,0.2626590363292627
2023-08-31,0.30912766337949005
2023-08-30,0.48441891063307957
2023-08-29,0.4819503346788616
2023-08-28,0.43433843441827197
2023-08-27,0.3570621071994277
2023-08-26,0.4359319912114864
2023-08-25,0.46185682898165653
2023-08-24,0.3919798426242911
2023-08-23,0.37013629860507896
2023-08-22,0.4238094629809412
2023-08-21,0.5986344591487405
2023-08-20,0.32521332583925194
2023-08-19,0.23733457666956212
2023-08-18,0.4587240049052169
2023-08-17,0.5469093301313168
2023-08-16,0.5488222369832916
2023-08-15,0.5544747330233509
2023-08-14,0.5740828266312401
2023-08-13,0.48624239946860154
2023-08-12,0.4367718818660263
2023-08-11,0.47561762301364263
2023-08-10,0.5012326912268152
2023-08-09,0.5164912370343876
2023-08-08,0.5263272188442083
2023-08-07,0.5920782024423893
2023-08-06,0.4030421286597517
2023-08-05,0.4129228194777988
2023-08-04,0.48323731541566606
2023-08-03,0.439831255428951
2023-08-02,0.37985092739257065
2023-08-01,0.4061270502273773
2023-07-31,0.4433377190741403
2023-07-30,0.3396096264881713
2023-07-29,0.7079479842624291
2023-07-28,0.8605366358387411
2023-07-27,0.8266663686066119
2023-07-26,0.6689617290889582
2023-07-25,0.6344080527310817
2023-07-24,0.6324312758673548
2023-07-23,0.4706645036022687
2023-07-22,0.4515673700883961
2023-07-21,0.61909521741352
2023-07-20,0.6174441776097287
2023-07-19,0.5810989474222064
2023-07-18,0.6961639670941699
2023-07-17,0.7445838230034235
2023-07-16,0.6033863880230954
2023-07-15,0.6374674262940064
2023-07-14,0.6721424556742118
2023-07-13,0.7647827142200194
2023-07-12,0.7159285422308518
2023-07-11,0.6217075008941801
2023-07-10,0.6025720453732564
2023-07-09,0.535016733943079
2023-07-08,0.5952493485258802
2023-07-07,0.7513987532573706
2023-07-06,0.814815287926013
2023-07-05,0.7279712329467068
2023-07-04,0.5207737213223648
2023-07-03,0.6045967247457974
2023-07-02,0.4563767819733279
2023-07-01,0.4196068162076542
2023-06-30,0.48546318532522614
2023-06-29,0.4285422308517705
2023-06-28,0.4441584487251546
2023-06-27,0.45557201982525164
2023-06-26,0.5164688825302745
2023-06-25,0.41124303816871904
2023-06-24,0.3419440754177099
2023-06-23,0.35504700832864955
2023-06-22,0.28578636758469167
2023-06-21,0.3046184405497931
2023-06-20,0.3556441929385315
2023-06-19,0.31859000562056106
2023-06-18,0.1737328189668387
2023-06-17,0.16102268662817434
2023-06-16,0.2927386183639058
2023-06-15,0.2727600786878545
2023-06-14,0.2893886362475091
2023-06-13,0.3036412293699862
2023-06-12,0.3499310203873078
2023-06-11,0.19241799090491032
2023-06-10,0.12063129119615759
2023-06-09,0.1846034949670431
2023-06-08,0.19235731439374584
2023-06-07,0.18130460886004804
2023-06-06,0.20728692964079506
2023-06-05,0.17399149251443463
2023-06-04,0.04957909662255378
2023-06-03,0.19151742373920597
2023-06-02,0.4467547647028767
2023-06-01,0.36339162536405906
2023-05-31,0.26062158295437127
2023-05-30,0.2096437330744469
2023-05-29,0.123911016299627
2023-05-28,0.07378583107659292
2023-05-27,0.06185171938071637
2023-05-26,0.11607416585764652
2023-05-25,0.11578036380358694
2023-05-24,0.1651039803791324
2023-05-23,0.15035958816616424
2023-05-22,0.15657094680905423
2023-05-21,0.04223723877165193
2023-05-20,0.1025305298656175
2023-05-19,0.12503512850646364
2023-05-18,0.10767845281283532
2023-05-17,0.13069401154769814
2023-05-16,0.18271613611976906
2023-05-15,0.14387039497215268
2023-05-14,0.042566169332175156
2023-05-13,0.16978884574114764
2023-05-12,0.23796688978590774
2023-05-11,0.15753538398651065
2023-05-10,0.11359920290225334
2023-05-09,0.11187151908435952
2023-05-08,0.13753129630575853
2023-05-07,0.03546382402534362
2023-05-06,0.029705942465893417
2023-05-05,0.1271077103878187
2023-05-04,0.1792543814828062
2023-05-03,0.1751315722242093
2023-05-02,0.1721775841806755
2023-05-01,0.14718844208267334
2023-04-30,0.1130339532982474
2023-04-29,0.1253864135711001
2023-04-28,0.14697128404271628
2023-04-27,0.14475818813550662
2023-04-26,0.15366166777374687
2023-04-25,0.15783237954115784
2023-04-24,0.143803331459813
2023-04-23,0.06695812682029534
2023-04-22,0.054104286955188804
2023-04-21,0.10201956977160084
2023-04-20,0.12744302794951715
2023-04-19,0.16480698482448522
2023-04-18,0.16024985948597414
2023-04-17,0.14874367686883655
2023-04-16,0.0711256450871187
2023-04-15,0.12031513463798478
2023-04-14,0.24281781717847836
2023-04-13,0.20050074089213632
2023-04-12,0.1292792907873895
2023-04-11,0.12400362781666752
2023-04-10,0.11744098410914108
2023-04-09,0.03366588319452251
2023-04-08,0.0802941852741301
2023-04-07,0.1297966378825814
2023-04-06,0.1602849879924378
2023-04-05,0.19438518726687445
2023-04-04,0.16049895253180727
2023-04-03,0.17831229880946298
2023-04-02,0.08626603137294978
2023-04-01,0.10318519748607634
2023-03-31,0.26933025905676766
2023-03-30,0.24042269173777528
2023-03-29,0.2035952429615247
2023-03-28,0.23074957845792243
2023-03-27,0.2237973276787083
2023-03-26,0.09057087016504012
2023-03-25,0.22314904705942468
2023-03-24,0.1994532726994022
2023-03-23,0.22714411629451742
2023-03-22,0.20230826222472026
2023-03-21,0.20694522507792143
2023-03-20,0.2461869602984007
2023-03-19,0.2159445097337898
2023-03-18,0.1565581728067038
2023-03-17,0.2546369628532012
2023-03-16,0.26938774206734456
2023-03-15,0.31974285933268615
2023-03-14,0.3688397373665117
2023-03-13,0.3250153288028205
2023-03-12,0.16481656532624803
2023-03-11,0.2637320525266977
2023-03-10,0.3163705227121762
2023-03-09,0.2988286239844668
2023-03-08,0.3246225282305452
2023-03-07,0.2925118798221859
2023-03-06,0.264616652189464
2023-03-05,0.19827167748198868
2023-03-04,0.2519991313678402
2023-03-03,0.2989819120126718
2023-03-02,0.309692912983496
2023-03-01,0.334416994532727
2023-02-28,0.39531385723774976
2023-02-27,0.3309999489039906
2023-02-26,0.29324638495733485
2023-02-25,0.38453898625517346
2023-02-24,0.3367195084563896
2023-02-23,0.3497394103520515
2023-02-22,0.33816616422257423
2023-02-21,0.2949325532675898
2023-02-20,0.21417850390884474
2023-02-19,0.20221565070767974
2023-02-18,0.23045577640386286
2023-02-17,0.29016465689029686
2023-02-16,0.22633935414644119
2023-02-15,0.2092541260027592
2023-02-14,0.23204933319707732
2023-02-13,0.2550712789331153
2023-02-12,0.21568583618619386
2023-02-11,0.22829058300546728
2023-02-10,0.268496755403403
2023-02-09,0.3499501813908334
2023-02-08,0.3000677022124572
2023-02-07,0.3795986408461499
2023-02-06,0.36758469163558327
2023-02-05,0.34682374431556895
2023-02-04,0.5616409483419346
2023-02-03,0.5298720044964489
2023-02-02,0.40409917735424866
2023-02-01,0.4188946655766185
2023-01-31,0.395537402278882
2023-01-30,0.3328489857442134
2023-01-29,0.2516925553114302
2023-01-28,0.24593786725256758
2023-01-27,0.36276889274947627
2023-01-26,0.3636918144192939
2023-01-25,0.39942069899340865
2023-01-24,0.3763284962444433
2023-01-23,0.38988809973941035
2023-01-22,0.2817561698431353
2023-01-21,0.29727658269889123
2023-01-20,0.33496308313320733
2023-01-19,0.36086556639926426
2023-01-18,0.3229587144244035
2023-01-17,0.38381406162178733
2023-01-16,0.37020974911859383
2023-01-15,0.3292658780849216
2023-01-14,0.35278920341321346
2023-01-13,0.3303804097899954
2023-01-12,0.3642442900209494
2023-01-11,0.381074038117623
2023-01-10,0.3819809922845026
2023-01-09,0.35717387971999387
2023-01-08,0.27422589545756476
2023-01-07,0.2682316948546319
2023-01-06,0.30718282152163917
2023-01-05,0.2776716825915896
2023-01-04,0.2692057125338511
2023-01-03,0.3082334832149609
2023-01-02,0.22257741045424353
2023-01-01,0.1563825302743856
2022-12-31,0.21022175668080323
2022-12-30,0.2576420469061366
2022-12-29,0.31406800878851365
2022-12-28,0.3686864493383067
2022-12-27,0.4541860405702315
2022-12-26,0.4375
2022-12-25,0.42122272750498185
2022-12-24,0.521869092023913
2022-12-23,0.40156992488886617
2022-12-22,0.4126577589290277
2022-12-21,0.4127854989525318
2022-12-20,0.41896492258954576
2022-12-19,0.4253231822594655
2022-12-18,0.31126092177200965
2022-12-17,0.2992086505543917
2022-12-16,0.3940460375044709
2022-12-15,0.4431237545347709
2022-12-14,0.43851872668744574
2022-12-13,0.4406040825711512
2022-12-12,0.42119398599969343
2022-12-11,0.31351872668744574
2022-12-10,0.28844016657299065
2022-12-09,0.3265354350825201
2022-12-08,0.27989116549997445
2022-12-07,0.27916943436717595
2022-12-06,0.33202825609319914
2022-12-05,0.340612385672679
2022-12-04,0.24161386745695163
2022-12-03,0.2512997547391549
2022-12-02,0.3404016146338971
2022-12-01,0.35824689591742886
2022-11-30,0.3317695825456032
2022-11-29,0.3236580910530888
2022-11-28,0.2775407490674978
2022-11-27,0.19700066424812224
2022-11-26,0.15278026161156813
2022-11-25,0.2035696949568239
2022-11-24,0.16718614276225027
2022-11-23,0.27794632364212357
2022-11-22,0.30693053497521844
2022-11-21,0.3713306678248429
2022-11-20,0.29175821368351135
2022-11-19,0.26363305400848197
2022-11-18,0.316549358745082
2022-11-17,0.31515379898829904
2022-11-16,0.311426983802565
2022-11-15,0.32270642787798276
2022-11-14,0.27101642736702264
2022-11-13,0.14072479689336265
2022-11-12,0.1342483777017015
2022-11-11,0.21495452455163253
2022-11-10,0.19253615042665168
2022-11-09,0.20991518062439324
2022-11-08,0.1798739205968014
2022-11-07,0.20473212917071176
2022-11-06,0.1836071227837106
2022-11-05,0.12980302488375658
2022-11-04,0.17446732410198765
2022-11-03,0.17710196208676104
2022-11-02,0.17764485718665374
2022-11-01,0.21486510653517962
2022-10-31,0.19465663481682083
2022-10-30,0.0964692657503449
2022-10-29,0.10887920903377446
2022-10-28,0.18864966021153748
2022-10-27,0.1729408308211129
2022-10-26,0.23004381482806194
2022-10-25,0.22191954933319707
2022-10-24,0.19727211179806858
2022-10-23,0.0922698124776455
2022-10-22,0.08338230034234327
2022-10-21,0.17806959276480508
2022-10-20,0.21868453323795412
2022-10-19,0.22170239129324001
2022-10-18,0.18759580501762813
2022-10-17,0.2049780287159573
2022-10-16,0.07044542946195903
2022-10-15,0.07846111593684534
2022-10-14,0.15713619641306015
2022-10-13,0.2275241428644423
2022-10-12,0.17417990904910327
2022-10-11,0.17137601553318688
2022-10-10,0.15596098819682183
2022-10-09,0.07410518113535333
2022-10-08,0.09249335751877778
2022-10-07,0.20045922538449748
2022-10-06,0.18628646977671046
2022-10-05,0.19942453119411374
2022-10-04,0.2309635429972919
2022-10-03,0.20216774819886568
2022-10-02,0.08439783352920137
2022-10-01,0.10033659496193348
2022-09-30,0.16063946655766184
2022-09-29,0.1708522814368198
2022-09-28,0.19530810893669207
2022-09-27,0.2058211128710848
2022-09-26,0.21242846558683767
2022-09-25,0.1197914005416177
2022-09-24,0.073527157528997
2022-09-23,0.15083222625312964
2022-09-22,0.3411233457666956
2022-09-21,0.39083337591334116
2022-09-20,0.40963032037197894
2022-09-19,0.47640322415819325
2022-09-18,0.3190690307087017
2022-09-17,0.2081843033059118
2022-09-16,0.2379285677788565
2022-09-15,0.2851253129630576
2022-09-14,0.38931326963364166
2022-09-13,0.5271639159981606
2022-09-12,0.495765418220837
2022-09-11,0.3258168974503091
2022-09-10,0.3399034285422309
2022-09-09,0.3899040672423484
2022-09-08,0.39539369475243985
2022-09-07,0.39487315415666036
2022-09-06,0.49416228092585973
2022-09-05,0.49255914363088243
2022-09-04,0.45358885596034954
2022-09-03,0.3635704613969649
2022-09-02,0.3881157069132901
2022-09-01,0.47966378825813705
2022-08-31,0.5948214194471412
2022-08-30,0.7829920545705381
2022-08-29,0.7740821879311226
2022-08-28,0.5111293495478003
2022-08-27,0.5597152674876092
2022-08-26,0.6929161769965766
2022-08-25,0.6891031372949773
2022-08-24,0.6613739716928109
2022-08-23,0.6626258239231516
2022-08-22,0.6235980532420419
2022-08-21,0.5447249757293956
2022-08-20,0.5957251801134331
2022-08-19,0.5827340197230596
2022-08-18,0.4949925910786368
2022-08-17,0.4679053190945787
2022-08-16,0.5075654028920341
2022-08-15,0.5022833529201369
2022-08-14,0.33275637422717286
2022-08-13,0.3312043329415973
2022-08-12,0.5332379541157836
2022-08-11,0.7002037453374892
2022-08-10,0.7507313116345614
2022-08-09,0.9702525420264678
2022-08-08,1.0
2022-08-07,0.8486887486587298
2022-08-06,0.8072818200398549
2022-08-05,0.856608630115988
2022-08-04,0.8723493945122887
2022-08-03,0.7559175565888304
2022-08-02,0.7313307955648665
2022-08-01,0.6074197792652394
2022-07-31,0.5182540493587451
2022-07-30,0.5552635276684891
2022-07-29,0.7172698124776455
2022-07-28,0.7923777527975066
2022-07-27,0.6088089520208472
2022-07-26,0.6003078534566451
2022-07-25,0.8507293955342088
2022-07-24,0.816855934801492
2022-07-23,0.8041968984722293
2022-07-22,0.8863752490930459
2022-07-21,0.9579032752542027
2022-07-20,0.9507306729344439
2022-07-19,0.8010257523887385
2022-07-18,0.6963076746206122
2022-07-17,0.551884804046804
2022-07-16,0.4919811200245261
2022-07-15,0.5685197486076338
2022-07-14,0.6663302846047724
2022-07-13,0.6991626641459302
2022-07-12,0.6824191405651219
2022-07-11,0.5249444330897757
2022-07-10,0.33482576260794034
2022-07-09,0.42367533595626183
2022-07-08,0.5578119411373972
2022-07-07,0.5539158704205202
2022-07-06,0.6116607480455777
2022-07-05,0.5338734607327168
2022-07-04,0.3689610903888407
2022-07-03,0.4284144908282663
2022-07-02,0.5902036175974656
2022-07-01,0.6959308415512748
2022-06-30,0.5343908078279087
2022-06-29,0.43378595881661647
2022-06-28,0.3830252669766491
2022-06-27,0.5192727760461908
2022-06-26,0.542623652342752
2022-06-25,0.47290314751417917
2022-06-24,0.41684443819937667
2022-06-23,0.3516459302028512
2022-06-22,0.39367878493689645
2022-06-21,0.36053344233815343
2022-06-20,0.2368395840784835
2022-06-19,0.06594578713402484
2022-06-18,0.1978277809003117
2022-06-17,0.545414771856318
2022-06-16,0.4733949466046702
2022-06-15,0.4793316641970262
2022-06-14,0.4184475754943539
2022-06-13,0.45564547033876657
2022-06-12,0.20447345562311584
2022-06-11,0.22969572326401308
2022-06-10,0.31651423023861835
2022-06-09,0.4289382249246334
2022-06-08,0.41394154616524453
2022-06-07,0.34844923611465944
2022-06-06,0.3220325992539983
2022-06-05,0.14750779214143375
2022-06-04,0.19824612947728784
2022-06-03,0.32225614429513055
2022-06-02,0.3558485769761382
2022-06-01,0.3638003934392724
2022-05-31,0.6542780133871545
2022-05-30,0.31617891267691994
2022-05-29,0.14670302999335752
2022-05-28,0.19797148842675388
2022-05-27,0.3122924224618057
2022-05-26,0.21962022891012212
2022-05-25,0.18572441367329212
2022-05-24,0.1933313320729651
2022-05-23,0.2519320678555005
2022-05-22,0.378742782688672
2022-05-21,0.31999833937969446
2022-05-20,0.19602345306831537
2022-05-19,0.1860022482244137
2022-05-18,0.14935363548106895
2022-05-17,0.18269697511624342
2022-05-16,0.26643694752439834
2022-05-15,0.17570959583056564
2022-05-14,0.19221999386847888
2022-05-13,0.242207858566246
2022-05-12,0.18863369270859948
2022-05-11,0.14259938173828623
2022-05-10,0.12058019518675592
2022-05-09,0.11725576107506004
2022-05-08,0.0402700424096878
2022-05-07,0.09411565581728068
2022-05-06,0.15840401614633898
2022-05-05,0.13109639262173625
2022-05-04,0.18308977568851872
2022-05-03,0.15067255122374942
2022-05-02,0.17981963108681212
2022-05-01,0.033825558223902714
2022-04-30,0.052194573603801545
2022-04-29,0.14685631802156252
2022-04-28,0.17699657656737008
2022-04-27,0.1875766440141025
2022-04-26,0.1884165346686424
2022-04-25,0.14747905063614533
2022-04-24,0.028840503806652703
2022-04-23,0.0736996065607276
2022-04-22,0.13336377803893518
2022-04-21,0.2036527259721016
2022-04-20,0.18075213325839254
2022-04-19,0.23985105513259417
2022-04-18,0.20199529916713505
2022-04-17,0.0696438608144704
2022-04-16,0.0947543559348015
2022-04-15,0.10829160492565532
2022-04-14,0.17673470951918657
2022-04-13,0.1647303408103827
2022-04-12,0.1559290531909458
2022-04-11,0.18478233099994892
2022-04-10,0.1474566961320321
2022-04-09,0.12400682131725513
2022-04-08,0.18591921720913598
2022-04-07,0.2657790864033519
2022-04-06,0.22762633488324563
2022-04-05,0.2092669000051096
2022-04-04,0.23089967298553984
2022-04-03,0.18616192325379388
2022-04-02,0.1417850390884472
2022-04-01,0.23271038781871137
2022-03-31,0.25453477083439785
2022-03-30,0.342669000051096
2022-03-29,0.36570691329007204
2022-03-28,0.39640603443871036
2022-03-27,0.20017500383220072
2022-03-26,0.1516497624035563
2022-03-25,0.2187547902508814
2022-03-24,0.2640577895866333
2022-03-23,0.2645176536712483
2022-03-22,0.19582864953247153
2022-03-21,0.18381789382249247
2022-03-20,0.11890999437943897
2022-03-19,0.104785141280466
2022-03-18,0.16357110009708242
2022-03-17,0.21940626437075264
2022-03-16,0.1942670277451331
2022-03-15,0.23938799754739157
2022-03-14,0.29102051504777476
2022-03-13,0.2671970006642481
2022-03-12,0.3159074651269736
2022-03-11,0.26659981605436617
2022-03-10,0.3041170609575392
2022-03-09,0.3687918348576976
2022-03-08,0.269109907516223
2022-03-07,0.26323067293444385
2022-03-06,0.1661897705789178
2022-03-05,0.2808779571815441
2022-03-04,0.39078227990393954
2022-03-03,0.34752312094425425
2022-03-02,0.31417658780849217
2022-03-01,0.39677328700628484
2022-02-28,0.4038915998160544
2022-02-27,0.29667620458842164
2022-02-26,0.35187266874457107
2022-02-25,0.441380103213939
2022-02-24,0.4020681109805324
2022-02-23,0.28843058607122785
2022-02-22,0.32048375146901026
2022-02-21,0.2766497624035563
2022-02-20,0.34185785090184456
2022-02-19,0.38015430994839305
2022-02-18,0.3411936027796229
2022-02-17,0.3222721117980686
2022-02-16,0.4322850135404425
2022-02-15,0.5249635940933013
2022-02-14,0.5184871749016402
2022-02-13,0.352728526902049
2022-02-12,0.2405887537683307
2022-02-11,0.31227964845945533
2022-02-10,0.353986766133565
2022-02-09,0.3825206938838077
2022-02-08,0.410106151959532
2022-02-07,0.45820027080884984
2022-02-06,0.44081166010934547
2022-02-05,0.4493478871800113
2022-02-04,0.4545820346430944
2022-02-03,0.4061557917326657
2022-02-02,0.40666355832609474
2022-02-01,0.47957117674109656
2022-01-31,0.5256533902202238
2022-01-30,0.49887908129375097
2022-01-29,0.5239001583976292
2022-01-28,0.495813320729651
2022-01-27,0.540978999540136
2022-01-26,0.5181869858464054
2022-01-25,0.45471935516836137
2022-01-24,0.4835822134791273
2022-01-23,0.41482614582801086
2022-01-22,0.4946892085228144
2022-01-21,0.5613535332890501
2022-01-20,0.45681748505441727
2022-01-19,0.44024002350416436
2022-01-18,0.4703291860405702
2022-01-17,0.4426606969495683
2022-01-16,0.4903620152266108
2022-01-15,0.5262952838383322
2022-01-14,0.4240841040314752
2022-01-13,0.3976962086761024
2022-01-12,0.5032956926064075
2022-01-11,0.5710202595677278
2022-01-10,0.47180138981145575
2022-01-09,0.36584104031475145
2022-01-08,0.42049780287159577
2022-01-07,0.46021536967962806
2022-01-06,0.40588115068213176
2022-01-05,0.41475908231567116
2022-01-04,0.46356535179602476
2022-01-03,0.44978859026110063
2022-01-02,0.23885148944867407
2022-01-01,0.18137167237238772
2021-12-31,0.23034081038270912
2021-12-30,0.297714092279393
2021-12-29,0.33077640386285834
2021-12-28,0.3299524807112565
2021-12-27,0.371531858361862
2021-12-26,0.22250715344131625
2021-12-25,0.2327423228245874
2021-12-24,0.3317727760461908
2021-12-23,0.40370637678197335
2021-12-22,0.3808696540800164
2021-12-21,0.3819330897756885
2021-12-20,0.4167518266823361
2021-12-19,0.30065211281998877
2021-12-18,0.28045002810280517
2021-12-17,0.25275279750651475
2021-12-16,0.2738746103929283
2021-12-15,0.3493114812733126
2021-12-14,0.3141031372949773
2021-12-13,0.317453119411374
2021-12-12,0.21200692350927394
2021-12-11,0.24815415666036483
2021-12-10,0.36042805681876244
2021-12-09,0.4188818915742681
2021-12-08,0.4088766542333044
2021-12-07,0.3703885851514997
2021-12-06,0.3237538960707169
2021-12-05,0.25121353022328957
2021-12-04,0.27200002554800473
2021-12-03,0.3281321853763221
2021-12-02,0.3229874559296919
2021-12-01,0.3411009912625824
2021-11-30,0.3968946400286138
2021-11-29,0.37128276531602883
2021-11-28,0.2840810382709111
2021-11-27,0.2625281028051709
2021-11-26,0.24219189106330796
2021-11-25,0.1936379081293751
2021-11-24,0.33024628276531603
2021-11-23,0.34268816105462163
2021-11-22,0.2954562873639569
2021-11-21,0.18208062950283582
2021-11-20,0.21988848295948088
2021-11-19,0.28013706504521996
2021-11-18,0.24892698380256503
2021-11-17,0.2959608604567983
2021-11-16,0.29843901691277913
2021-11-15,0.29660594757549436
2021-11-14,0.17989946860150224
2021-11-13,0.1774819886566859
2021-11-12,0.2300214603239487
2021-11-11,0.22400809871749017
2021-11-10,0.20088396096264882
2021-11-09,0.2237334576669562
2021-11-08,0.2247426038526391
2021-11-07,0.20064125491799092
2021-11-06,0.17483777017014973
2021-11-05,0.2579773644678351
2021-11-04,0.2693558070614685
2021-11-03,0.2532797251034694
2021-11-02,0.23440933013131676
2021-11-01,0.19198048132440856
2021-10-31,0.10582302897143733
2021-10-30,0.14948456900516072
2021-10-29,0.207392315160186
2021-10-28,0.19819503346788617
2021-10-27,0.2063927494762659
2021-10-26,0.2515360737826376
2021-10-25,0.23796369628532013
2021-10-24,0.09580182412753564
2021-10-23,0.1135736548975525
2021-10-22,0.20858668437994993
2021-10-21,0.22648944867405857
2021-10-20,0.20650132849624445
2021-10-19,0.18478233099994892
2021-10-18,0.18630563078023607
2021-10-17,0.09668961729088958
2021-10-16,0.23284132134280314
2021-10-15,0.3185676511164478
2021-10-14,0.2885455520923816
2021-10-13,0.26993383066782484
2021-10-12,0.26113573654897554
2021-10-11,0.2304781309079761
2021-10-10,0.13561838945378366
2021-10-09,0.1550029380205406
2021-10-08,0.2813442082673343
2021-10-07,0.27093339635174496
2021-10-06,0.2426868836543866
2021-10-05,0.2479849011292218
2021-10-04,0.31759682693781616
2021-10-03,0.17516989423126056
2021-10-02,0.12063448469674519
2021-10-01,0.16754381482806194
2021-09-30,0.19299282101067908
2021-09-29,0.2017238516171887
2021-09-28,0.2980302488375658
2021-09-27,0.28020412855755966
2021-09-26,0.13336697153952276
2021-09-25,0.17196361964130602
2021-09-24,0.288219815032446
2021-09-23,0.5246346635327781
2021-09-22,0.5015360737826376
2021-09-21,0.35948278064483163
2021-09-20,0.34010461907924994
2021-09-19,0.25966672627867765
2021-09-18,0.43013898114557253
2021-09-17,0.4770546982780645
2021-09-16,0.4712872362168515
2021-09-15,0.6078860303510296
2021-09-14,0.5055790455265444
2021-09-13,0.5367444177609729
2021-09-12,0.3381470032190486
2021-09-11,0.22755288436973073
2021-09-10,0.3100793265545961
2021-09-09,0.4456625875019161
2021-09-08,0.5140673700883961
2021-09-07,0.3932029533493434
2021-09-06,0.32921797557610755
2021-09-05,0.2620746257217311
2021-09-04,0.23412191507843239
2021-09-03,0.2769499514587911
2021-09-02,0.30895521434775947
2021-09-01,0.46926255684431045
2021-08-31,0.6405140258545808
2021-08-30,0.7051153492412243
2021-08-29,0.43611721424556743
2021-08-28,0.5212048439016913
2021-08-27,0.8806109805324205
2021-08-26,0.9277087271984058
2021-08-25,0.822575494353891
2021-08-24,0.7582711665218946
2021-08-23,0.6596143528690409
2021-08-22,0.5297346839711818
2021-08-21,0.6137237494251699
2021-08-20,0.6947716008379746
2021-08-19,0.7503097695569976
2021-08-18,0.6651486893873588
2021-08-17,0.5958018241275357
2021-08-16,0.5263399928465587
2021-08-15,0.4228226712993715
2021-08-14,0.7095479280568188
2021-08-13,0.9331696132032089
2021-08-12,0.9049614225129018
2021-08-11,0.8562445710490011
2021-08-10,0.7188410147667468
2021-08-09,0.632163021817996
2021-08-08,0.45525266976649126
2021-08-07,0.5503391497624036
2021-08-06,0.5987717796740075
2021-08-05,0.4645776914822953
2021-08-04,0.4051785805528588
2021-08-03,0.3837757396147361
2021-08-02,0.3958950743446937
2021-08-01,0.274094961933473
2021-07-31,0.24382376986357365
2021-07-30,0.4694829083848552
2021-07-29,0.522143733074447
2021-07-28,0.581811098053242
2021-07-27,0.6847088804864341
2021-07-26,0.7165257268407338
2021-07-25,0.495644065198508
2021-07-24,0.4097516733943079
2021-07-23,0.4794594042205304
2021-07-22,0.4844348781360176
2021-07-21,0.5839667109498748
2021-07-20,0.6945831843033059
2021-07-19,0.5997649583567524
2021-07-18,0.5297761994788207
2021-07-17,0.6601540544683461
2021-07-16,0.8379777476879056
2021-07-15,0.7780580961626897
2021-07-14,0.6639000306576057
2021-07-13,0.5638348832456186
2021-07-12,0.6011669051147106
2021-07-11,0.39035115732461295
2021-07-10,0.44803216493791836
2021-07-09,0.6066437586224516
2021-07-08,0.6636860661182362
2021-07-07,0.7734722293188903
2021-07-06,0.7359805324204179
2021-07-05,0.4194918501865004
2021-07-04,0.20691648357263298
2021-07-03,0.2223953809207501
2021-07-02,0.501928874354913
2021-07-01,0.7077915027336366
2021-06-30,0.9783800010219202
2021-06-29,0.9924697256144296
2021-06-28,0.9144876347657248
2021-06-27,0.6449370241684125
2021-06-26,0.49923675335956263
2021-06-25,0.40603763221092437
2021-06-24,0.32960119564662
2021-06-23,0.270843978335292
2021-06-22,0.44320039854887333
2021-06-21,0.7124316590874253
2021-06-20,0.4575424096878034
2021-06-19,0.45322160339277506
2021-06-18,0.3698361095498442
2021-06-17,0.28690409279035306
2021-06-16,0.29838792090337746
2021-06-15,0.37340005620561034
2021-06-14,0.35054736600071534
2021-06-13,0.24488401205865823
2021-06-12,0.23998518215727352
2021-06-11,0.3420973634459149
2021-06-10,0.5554232026978693
2021-06-09,0.7594367942363701
2021-06-08,0.7259050380665271
2021-06-07,0.734367814623678
2021-06-06,0.5491447805426396
2021-06-05,0.4052232895610853
2021-06-04,0.3482480455776404
2021-06-03,0.27695314495937867
2021-06-02,0.24406008890705638
2021-06-01,0.19405306320576363
2021-05-31,0.07486523427520311
2021-05-30,0.09728041489959635
2021-05-29,0.1158985233253283
2021-05-28,0.2192114608349088
2021-05-27,0.3609709519186552
2021-05-26,0.4339839558530479
2021-05-25,0.28043086709927956
2021-05-24,0.24397386439119106
2021-05-23,0.37621353022328957
2021-05-22,0.3151314444841858
2021-05-21,0.31517295999182465
2021-05-20,0.2967273005978233
2021-05-19,0.30524436666496346
2021-05-18,0.2217886158091053
2021-05-17,0.17268215727351693
2021-05-16,0.06142059680138982
2021-05-15,0.06354746819273414
2021-05-14,0.1370363037146799
2021-05-13,0.13373741760768484
2021-05-12,0.13818915742680496
2021-05-11,0.14487634765724797
2021-05-10,0.1541502733636503
2021-05-09,0.043029226917377754
2021-05-08,0.07989819120126719
2021-05-07,0.12999144141842522
2021-05-06,0.11896109038884063
2021-05-05,0.1681984824485208
2021-05-04,0.16195838230034235
2021-05-03,0.1527579071074549
2021-05-02,0.05287798272954882
2021-05-01,0.05726585253691687
2021-04-30,0.164647309795105
2021-04-29,0.19600109856420214
2021-04-28,0.15695736038015431
2021-04-27,0.15062464871493536
2021-04-26,0.14811775075366615
2021-04-25,0.06927980174748352
2021-04-24,0.05182093403505186
2021-04-23,0.16589916202544583
2021-04-22,0.2389472944663022
2021-04-21,0.20928606100863523
2021-04-20,0.159033135762097
2021-04-19,0.13640718409892189
2021-04-18,0.05454499003627817
2021-04-17,0.10596992999846712
2021-04-16,0.20749450717898932
2021-04-15,0.20136298605078945
2021-04-14,0.13785703336569413
2021-04-13,0.15083222625312964
2021-04-12,0.19245311941137397
2021-04-11,0.07302897143733075
2021-04-10,0.05306959276480507
2021-04-09,0.12868529967809514
2021-04-08,0.12439962188953044
2021-04-07,0.13235143835266466
2021-04-06,0.13957194318123756
2021-04-05,0.14228641868070105
2021-04-04,0.06663558326094732
2021-04-03,0.14134433600735782
2021-04-02,0.2381840478258648
2021-04-01,0.22567191252363192
2021-03-31,0.18730519646415617
2021-03-30,0.161840222778601
2021-03-29,0.187790608553472
2021-03-28,0.11258686321598284
2021-03-27,0.06995043687088039
2021-03-26,0.15897884625210773
2021-03-25,0.15357863675846917
2021-03-24,0.1989359256042103
2021-03-23,0.16747036431454704
2021-03-22,0.1808064227683818
2021-03-21,0.1227485820857391
2021-03-20,0.1844565939400133
2021-03-19,0.30318775228654643
2021-03-18,0.3266312401001482
2021-03-17,0.3138125287415053
2021-03-16,0.3986287108476828
2021-03-15,0.36498837565786113
2021-03-14,0.14042460783812785
2021-03-13,0.1701592918093097
2021-03-12,0.17570320882939044
2021-03-11,0.2054602473046855
2021-03-10,0.23569950436870882
2021-03-09,0.2618031781717848
2021-03-08,0.3573175872464361
2021-03-07,0.27235450411322876
2021-03-06,0.33442976853507744
2021-03-05,0.38558964794849526
2021-03-04,0.3369366664963466
2021-03-03,0.3256795769250422
2021-03-02,0.4122298298502887
2021-03-01,0.34105308875376833
2021-02-28,0.23396224004905217
2021-02-27,0.2590056716570436
2021-02-26,0.31416700730672936
2021-02-25,0.30878276531602883
2021-02-24,0.31040506361453174
2021-02-23,0.38629221807776815
2021-02-22,0.44041885953707016
2021-02-21,0.337837233662051
2021-02-20,0.36669689847222936
2021-02-19,0.45950641254917995
2021-02-18,0.48872374942516994
2021-02-17,0.4369571049001073
2021-02-16,0.3942568085432528
2021-02-15,0.4154648459455317
2021-02-14,0.360367380307598
2021-02-13,0.42446093710081245
2021-02-12,0.49154361044402434
2021-02-11,0.47103494967043075
2021-02-10,0.45836633283940525
2021-02-09,0.4911827448776251
2021-02-08,0.48525880128761945
2021-02-07,0.37423675335956263
2021-02-06,0.3156615655817281
2021-02-05,0.3809782330999949
2021-02-04,0.40815172959991824
2021-02-03,0.4566897450309131
2021-02-02,0.46762429104286957
2021-02-01,0.4997541004547545
2021-01-31,0.4579064687547903
2021-01-30,0.4593882530274386
2021-01-29,0.554845179091513
2021-01-28,0.47688544274692146
2021-01-27,0.4310331613101017
2021-01-26,0.4522827142200194
2021-01-25,0.4411310101681059
2021-01-24,0.3789375862245159
2021-01-23,0.36734198559092535
2021-01-22,0.3732052526697665
2021-01-21,0.42393081600327015
2021-01-20,0.40457500894180165
2021-01-19,0.38115068213172554
2021-01-18,0.3231567114608349
2021-01-17,0.25545130550304024
2021-01-16,0.267254483674825
2021-01-15,0.35109664810178326
2021-01-14,0.3477786009912626
2021-01-13,0.384446374738133
2021-01-12,0.39226087067600024
2021-01-11,0.41942798017474836
2021-01-10,0.3162044606816208
2021-01-09,0.348557815134638
2021-01-08,0.4135647130959072
2021-01-07,0.3881380614174033
2021-01-06,0.3738886617955138
2021-01-05,0.36043444381993767
2021-01-04,0.3567235961371417
2021-01-03,0.29578841142506773
2021-01-02,0.25102830718920854
2021-01-01,0.2756214552143478
2020-12-31,0.32462891523172044
2020-12-30,0.3944100965714578
2020-12-29,0.3747445199529917
2020-12-28,0.3531117469725615
2020-12-27,0.32391995810127233
2020-12-26,0.34050700015328805
2020-12-25,0.21294261918144194
2020-12-24,0.27843173573143937
2020-12-23,0.36871838434418275
2020-12-22,0.3759229216698176
2020-12-21,0.3875121353022329
2020-12-20,0.3615138470185479
2020-12-19,0.42422781155791733
2020-12-18,0.4849043227223954
2020-12-17,0.47377177967400746
2020-12-16,0.4936768688365439
2020-12-15,0.40136234735067194
2020-12-14,0.36284873026416636
2020-12-13,0.19762978386388025
2020-12-12,0.24260385263910889
2020-12-11,0.3110086352255889
2020-12-10,0.3489442287057381
2020-12-09,0.41322300853303356
2020-12-08,0.41877969955546474
2020-12-07,0.3812624546522917
2020-12-06,0.2716870624904195
2020-12-05,0.25752069388380766
2020-12-04,0.2945142046906137
2020-12-03,0.30988452301875224
2020-12-02,0.33670354095345156
2020-12-01,0.266609396556129
2020-11-30,0.2858853661029074
2020-11-29,0.15847427315926627
2020-11-28,0.1552999335751878
2020-11-27,0.14413545552092383
2020-11-26,0.14921950845638957
2020-11-25,0.2699849266772265
2020-11-24,0.28124840324970624
2020-11-23,0.2644378161565582
2020-11-22,0.19280759797659802
2020-11-21,0.1493344744775433
2020-11-20,0.2214660722497573
2020-11-19,0.318526135608809
2020-11-18,0.34877177967400746
2020-11-17,0.29673368759899854
2020-11-16,0.24018637269429258
2020-11-15,0.16767794185274132
2020-11-14,0.16387128915231722
2020-11-13,0.2511560472127127
2020-11-12,0.23307444688569823
2020-11-11,0.22388355219457362
2020-11-10,0.2040614940473149
2020-11-09,0.19163877676153493
2020-11-08,0.09104989525318073
2020-11-07,0.10774551632517501
2020-11-06,0.18879336773797967
2020-11-05,0.2120580195186756
2020-11-04,0.24575903121966175
2020-11-03,0.2895706657810025
2020-11-02,0.30778639313269635
2020-11-01,0.2414541924275714
2020-10-31,0.19425425374278268
2020-10-30,0.2868977057891779
2020-10-29,0.26300712789331154
2020-10-28,0.2375485412089316
2020-10-27,0.2235610086352256
2020-10-26,0.23899200347452865
2020-10-25,0.11346188237698636
2020-10-24,0.13761432732103623
2020-10-23,0.22983304378928007
2020-10-22,0.2426900771549742
2020-10-21,0.23263374380460888
2020-10-20,0.2260391650912064
2020-10-19,0.20265635378876912
2020-10-18,0.10333209851310612
2020-10-17,0.1051683613509785
2020-10-16,0.2189911092943641
2020-10-15,0.20114902151141997
2020-10-14,0.1785518113535333
2020-10-13,0.20617239793572123
2020-10-12,0.1873275509682694
2020-10-11,0.09457232640130807
2020-10-10,0.12139773133718257
2020-10-09,0.16630154309948394
2020-10-08,0.16695940422053038
2020-10-07,0.2096565070767973
2020-10-06,0.19618632159828317
2020-10-05,0.19470453732563486
2020-10-04,0.09257638853405549
2020-10-03,0.09605730417454397
2020-10-02,0.19515162740789946
2020-10-01,0.2198980634612437
2020-09-30,0.2629592253844975
2020-09-29,0.3662977108987788
2020-09-28,0.406072760717388
2020-09-27,0.2761739308160033
2020-09-26,0.21071355577129428
2020-09-25,0.2785467017525931
2020-09-24,0.25570678555004855
2020-09-23,0.22383564968575956
2020-09-22,0.17449925910786368
2020-09-21,0.16383296714526596
2020-09-20,0.05876041081191559
2020-09-19,0.07022827142200194
2020-09-18,0.2209072096469266
2020-09-17,0.282346967451842
2020-09-16,0.21152789842113331
2020-09-15,0.1920028358285218
2020-09-14,0.32464168923407083
2020-09-13,0.23527476879055748
2020-09-12,0.19241479740432274
2020-09-11,0.42792907873895053
2020-09-10,0.6071132032088294
2020-09-09,0.5481388278575443
2020-09-08,0.5244238924939962
2020-09-07,0.3468173573143938
2020-09-06,0.27897463083133206
2020-09-05,0.28476444739665835
2020-09-04,0.5306703796433498
2020-09-03,0.5757562209391447
2020-09-02,0.5456319298962751
2020-09-01,0.45524308926472845
2020-08-31,0.35540148689387363
2020-08-30,0.3129630575852026
2020-08-29,0.5104714884267539
2020-08-28,0.5771294261918144
2020-08-27,0.5878276531602882
2020-08-26,0.4383845996627664
2020-08-25,0.7553427264830617
2020-08-24,0.8058064227683818
2020-08-23,0.5946266159112974
2020-08-22,0.5760883450002555
2020-08-21,0.5166477185631803
2020-08-20,0.38965178069592765
2020-08-19,0.41195199529916715
2020-08-18,0.4841698175872465
2020-08-17,0.4595447345562312
2020-08-16,0.3596935516836135
2020-08-15,0.5047455418731798
2020-08-14,0.6913322007051249
2020-08-13,0.6960873230800675
2020-08-12,0.8336761023964029
2020-08-11,0.8887927290378622
2020-08-10,0.8605174748352155
2020-08-09,0.5657733381022942
2020-08-08,0.4830648663839354
2020-08-07,0.47902828164120387
2020-08-06,0.48341615144857186
2020-08-05,0.5379611414848501
2020-08-04,0.5816673905267998
2020-08-03,0.8178842419907005
2020-08-02,0.7178414490828267
2020-08-01,0.6193794389658168
2020-07-31,0.6636445506105974
2020-07-30,0.8196949568238721
2020-07-29,0.8349566961320322
2020-07-28,0.9651141995810127
2020-07-27,0.9515162740789944
2020-07-26,0.7495720709212611
2020-07-25,0.6621436053344234
2020-07-24,0.6894991313678402
2020-07-23,0.8150037044606816
2020-07-22,0.8462616882121506
2020-07-21,0.8334461703540954
2020-07-20,0.9574050891625364
2020-07-19,0.7647827142200194
2020-07-18,0.6477696591896173
2020-07-17,0.5739742476112616
2020-07-16,0.5412855755965459
2020-07-15,0.6149564406519851
2020-07-14,0.6374099432834296
2020-07-13,0.6852517755863268
2020-07-12,0.5827946962342241
2020-07-11,0.6304353380001022
2020-07-10,0.7360156609268816
2020-07-09,0.8306007613305402
2020-07-08,0.7599253998262736
2020-07-07,0.6703540953451536
2020-07-06,0.7232033365694139
2020-07-05,0.5520987685861735
2020-07-04,0.48679487507025704
2020-07-03,0.6330124929742987
2020-07-02,0.6272003219048593
2020-07-01,0.5067574472433704
2020-06-30,0.492054570538041
2020-06-29,0.5852536916866793
2020-06-28,0.48549192683051456
2020-06-27,0.40629630575852027
2020-06-26,0.5206843033059119
2020-06-25,0.4998339379694446
2020-06-24,0.5930713811251341
2020-06-23,0.702471130754688
2020-06-22,0.7064374584844924
2020-06-21,0.50897054315058
2020-06-20,0.4679468346022176
2020-06-19,0.4832596699197793
2020-06-18,0.414034157682285
2020-06-17,0.31011764856164736
2020-06-16,0.2488215982831741
2020-06-15,0.20999182463849575
2020-06-14,0.09477032343773951
2020-06-13,0.15614621123090286
2020-06-12,0.3838747381329518
2020-06-11,0.4826241633028461
2020-06-10,0.547132875172449
2020-06-09,0.40605040621327476
2020-06-08,0.24052169025599102
2020-06-07,0.1548368759899852
2020-06-06,0.3647328956108528
2020-06-05,0.4136285831076593
2020-06-04,0.3635608808952021
2020-06-03,0.2529476010423586
2020-06-02,0.14902789842113331
2020-06-01,0.11089750140514026
2020-05-31,0.054005288436973074
2020-05-30,0.19195812682029534
2020-05-29,0.34254445352817947
2020-05-28,0.3151985079965255
2020-05-27,0.3221284042716264
2020-05-26,0.2706555618006234
2020-05-25,0.0999629553931838
2020-05-24,0.04303561391855296
2020-05-23,0.10938697562720352
2020-05-22,0.12482755096826938
2020-05-21,0.07924991058198355
2020-05-20,0.07460656072760717
2020-05-19,0.07739768024117316
2020-05-18,0.0978648255071279
2020-05-17,0.02173496499923356
2020-05-16,0.06905625670635124
2020-05-15,0.13202250779214145
2020-05-14,0.09525254202646774
2020-05-13,0.0994967043073936
2020-05-12,0.1228890961115937
2020-05-11,0.13158819171222727
2020-05-10,0.04549141587042052
2020-05-09,0.11487660313729499
2020-05-08,0.12254419804813245
2020-05-07,0.08678976546931685
2020-05-06,0.11680547749220786
2020-05-05,0.0771198456900516
2020-05-04,0.09305860712278372
2020-05-03,0.0
2020-05-02,0.008622451586531093
2020-05-01,0.10063678401716826
2020-04-30,0.13659560063359052
2020-04-29,0.12083248173317665
2020-04-28,0.09383462776557151
2020-04-27,0.15316348168208063
2020-04-26,0.08756578611210465
2020-04-25,0.03083644167390527
2020-04-24,0.16125581217106943
2020-04-23,0.1714845945531654
2020-04-22,0.16443973225691075
2020-04-21,0.15975806039548313
2020-04-20,0.1005888815083542
2020-04-19,0.055908614787185125
2020-04-18,0.12050035767206582
2020-04-17,0.1532848347044096
2020-04-16,0.14594936385468296
2020-04-15,0.120644065198508
2020-04-14,0.10340554902662102
2020-04-13,0.12739193194011547
2020-04-12,0.05323884829594809
2020-04-11,0.08201867559143632
2020-04-10,0.15913213428031273
2020-04-09,0.141641331562005
2020-04-08,0.09666087578560115
2020-04-07,0.07303216493791835
2020-04-06,0.08103507741045425
2020-04-05,0.04390105257779368
2020-04-04,0.06356024219508456
2020-04-03,0.1602083439783353
2020-04-02,0.1388438250472638
2020-04-01,0.13355219457360382
2020-03-31,0.1699165857646518
2020-03-30,0.169463108681212
2020-03-29,0.11658512595166318
2020-03-28,0.1260091461856829
2020-03-27,0.10092739257064023
2020-03-26,0.15071087323080068
2020-03-25,0.210965842317715
2020-03-24,0.20127995503551174
2020-03-23,0.2796069439476777
2020-03-22,0.1412325634867917
2020-03-21,0.11432093403505186
2020-03-20,0.19075737059935619
2020-03-19,0.2297915282816412
2020-03-18,0.21940307087016506
2020-03-17,0.2768988554493894
2020-03-16,0.2653639313269634
2020-03-15,0.14586313933881764
2020-03-14,0.17289931531347402
2020-03-13,0.2444880179857953
2020-03-12,0.27436002248224417
2020-03-11,0.2445582749987226
2020-03-10,0.23719725614429513
2020-03-09,0.21759874303816873
2020-03-08,0.13584512799550355
2020-03-07,0.23192159317357317
2020-03-06,0.3212661591129733
2020-03-05,0.2735616473353431
2020-03-04,0.27208625006387005
2020-03-03,0.2674844157171325
2020-03-02,0.3067580859434878
2020-03-01,0.2841800367891268
2020-02-29,0.33819490572786265
2020-02-28,0.40486881099586125
2020-02-27,0.3659847478411936
2020-02-26,0.32798847784987994
2020-02-25,0.30599164580246285
2020-02-24,0.28370101170098616
2020-02-23,0.21894640028613765
2020-02-22,0.28609294364110166
2020-02-21,0.4234326299116039
2020-02-20,0.4176492003474529
2020-02-19,0.3446042614071841
2020-02-18,0.38534694190383734
2020-02-17,0.3130301210975423
2020-02-16,0.3010544938940269
2020-02-15,0.41042550201829237
2020-02-14,0.42654948648510554
2020-02-13,0.38504036584742735
2020-02-12,0.3434482141944714
2020-02-11,0.3559379949925911
2020-02-10,0.37333937969444586
2020-02-09,0.3170826733432119
2020-02-08,0.34151933983955857
2020-02-07,0.39276225026825407
2020-02-06,0.40084180675489245
2020-02-05,0.35934226661897706
2020-02-04,0.3423368759899852
2020-02-03,0.3282631189004139
2020-02-02,0.27454205201573756
2020-02-01,0.3008245618517194
2020-01-31,0.40262378008277555
2020-01-30,0.43288539165091205
2020-01-29,0.39719802258443615
2020-01-28,0.38099420060293293
2020-01-27,0.3698265290480814
2020-01-26,0.26114851055132593
2020-01-25,0.30287159572837363
2020-01-24,0.3567874661488938
2020-01-23,0.4193736906647591
2020-01-22,0.4557412753563947
2020-01-21,0.5056045935312452
2020-01-20,0.4707922436257728
2020-01-19,0.334432962035665
2020-01-18,0.4500983598180982
2020-01-17,0.47816603648255074
2020-01-16,0.3712859588166164
2020-01-15,0.31920315773338104
2020-01-14,0.3516235756987379
2020-01-13,0.35633718256604163
2020-01-12,0.18736267947473303
2020-01-11,0.21196540800163508
2020-01-10,0.38964220019416484
2020-01-09,0.475735782535384
2020-01-08,0.42672832251801135
2020-01-07,0.3978431097031322
2020-01-06,0.39664235348219307
2020-01-05,0.2822703234377395
2020-01-04,0.26099841602370855
2020-01-03,0.3299844157171325
2020-01-02,0.34756144295130553
2020-01-01,0.2783614787185121
