Date,MWh,weekday,month
2025-03-30,360251,1,3
2025-03-29,356584,7,3
2025-03-28,373815,6,3
2025-03-27,371568,5,3
2025-03-26,383131,4,3
2025-03-25,378674,3,3
2025-03-24,398827,2,3
2025-03-23,351612,1,3
2025-03-22,354942,7,3
2025-03-21,360106,6,3
2025-03-20,365904,5,3
2025-03-19,354325,4,3
2025-03-18,367109,3,3
2025-03-17,383316,2,3
2025-03-16,350585,1,3
2025-03-15,353508,7,3
2025-03-14,362794,6,3
2025-03-13,374367,5,3
2025-03-12,380035,4,3
2025-03-11,360839,3,3
2025-03-10,368767,2,3
2025-03-08,379947,7,3
2025-03-07,406048,6,3
2025-03-06,403469,5,3
2025-03-05,407344,4,3
2025-03-04,420282,3,3
2025-03-03,430754,2,3
2025-03-02,417602,1,3
2025-03-01,391122,7,3
2025-02-28,395168,6,2
2025-02-27,413497,5,2
2025-02-26,390557,4,2
2025-02-25,409251,3,2
2025-02-24,414863,2,2
2025-02-23,407668,1,2
2025-02-22,424577,7,2
2025-02-21,466908,6,2
2025-02-20,475569,5,2
2025-02-19,475123,4,2
2025-02-18,476969,3,2
2025-02-17,450724,2,2
2025-02-16,428955,1,2
2025-02-15,442916,7,2
2025-02-14,442568,6,2
2025-02-13,449773,5,2
2025-02-12,461393,4,2
2025-02-11,462141,3,2
2025-02-10,450779,2,2
2025-02-09,437321,1,2
2025-02-08,435101,7,2
2025-02-07,437921,6,2
2025-02-06,466398,5,2
2025-02-05,450687,4,2
2025-02-04,433662,3,2
2025-02-03,443795,2,2
2025-02-02,458769,1,2
2025-02-01,427318,7,2
2025-01-31,444812,6,1
2025-01-30,456746,5,1
2025-01-29,444445,4,1
2025-01-28,446129,3,1
2025-01-27,445832,2,1
2025-01-26,433362,1,1
2025-01-25,456690,7,1
2025-01-24,479623,6,1
2025-01-23,493684,5,1
2025-01-22,512469,4,1
2025-01-21,507458,3,1
2025-01-20,476314,2,1
2025-01-19,425620,1,1
2025-01-18,423690,7,1
2025-01-17,452520,6,1
2025-01-16,471935,5,1
2025-01-15,429499,4,1
2025-01-14,460618,3,1
2025-01-13,450534,2,1
2025-01-12,420996,1,1
2025-01-11,439882,7,1
2025-01-10,457755,6,1
2025-01-09,490373,5,1
2025-01-08,491538,4,1
2025-01-07,489499,3,1
2025-01-06,478157,2,1
2025-01-05,444306,1,1
2025-01-04,444490,7,1
2025-01-03,443961,6,1
2025-01-02,433967,5,1
2025-01-01,386468,4,1
2024-12-31,387803,3,12
2024-12-30,389721,2,12
2024-12-29,384030,1,12
2024-12-28,407169,7,12
2024-12-27,446691,6,12
2024-12-26,452405,5,12
2024-12-25,421329,4,12
2024-12-24,452742,3,12
2024-12-23,499812,2,12
2024-12-22,478530,1,12
2024-12-21,454146,7,12
2024-12-20,450901,6,12
2024-12-19,425504,5,12
2024-12-18,413074,4,12
2024-12-17,406974,3,12
2024-12-16,434083,2,12
2024-12-15,432459,1,12
2024-12-14,434485,7,12
2024-12-13,453408,6,12
2024-12-12,433378,5,12
2024-12-11,412993,4,12
2024-12-10,415010,3,12
2024-12-09,424459,2,12
2024-12-08,403297,1,12
2024-12-07,426283,7,12
2024-12-06,452742,6,12
2024-12-05,445660,5,12
2024-12-04,447651,4,12
2024-12-03,440665,3,12
2024-12-02,439637,2,12
2024-12-01,412709,1,12
2024-11-30,398752,7,11
2024-11-29,387608,6,11
2024-11-28,380960,5,11
2024-11-27,389193,4,11
2024-11-26,395848,3,11
2024-11-25,386591,2,11
2024-11-24,368594,1,11
2024-11-23,374705,7,11
2024-11-22,406854,6,11
2024-11-21,394330,5,11
2024-11-20,378483,4,11
2024-11-19,376740,3,11
2024-11-18,371605,2,11
2024-11-17,353747,1,11
2024-11-16,354835,7,11
2024-11-15,386291,6,11
2024-11-14,400435,5,11
2024-11-13,387730,4,11
2024-11-12,377863,3,11
2024-11-11,374033,2,11
2024-11-10,355474,1,11
2024-11-09,344838,7,11
2024-11-08,367491,6,11
2024-11-07,378476,5,11
2024-11-06,386179,4,11
2024-11-05,371794,3,11
2024-11-04,385333,2,11
2024-11-03,358226,1,11
2024-11-02,345239,7,11
2024-11-01,380282,6,11
2024-10-31,376387,5,10
2024-10-30,369942,4,10
2024-10-29,380778,3,10
2024-10-28,369182,2,10
2024-10-27,340857,1,10
2024-10-26,337178,7,10
2024-10-25,361117,6,10
2024-10-24,366182,5,10
2024-10-23,376031,4,10
2024-10-22,373493,3,10
2024-10-21,363870,2,10
2024-10-20,330021,1,10
2024-10-19,334870,7,10
2024-10-18,359360,6,10
2024-10-17,365921,5,10
2024-10-16,371418,4,10
2024-10-15,370140,3,10
2024-10-14,373774,2,10
2024-10-13,349858,1,10
2024-10-12,327886,7,10
2024-10-11,354992,6,10
2024-10-10,360125,5,10
2024-10-09,328198,4,10
2024-10-08,358371,3,10
2024-10-07,375050,2,10
2024-10-06,337242,1,10
2024-10-05,346119,7,10
2024-10-04,370991,6,10
2024-10-03,369088,5,10
2024-10-02,374092,4,10
2024-10-01,378816,3,10
2024-09-30,380784,2,9
2024-09-29,360454,1,9
2024-09-28,368122,7,9
2024-09-27,393654,6,9
2024-09-26,406784,5,9
2024-09-25,384115,4,9
2024-09-24,376808,3,9
2024-09-23,389014,2,9
2024-09-22,372482,1,9
2024-09-21,387404,7,9
2024-09-20,429269,6,9
2024-09-19,434128,5,9
2024-09-18,421286,4,9
2024-09-17,422263,3,9
2024-09-16,415597,2,9
2024-09-15,404636,1,9
2024-09-14,411903,7,9
2024-09-13,420936,6,9
2024-09-12,408416,5,9
2024-09-11,389353,4,9
2024-09-10,388966,3,9
2024-09-09,377879,2,9
2024-09-08,338759,1,9
2024-09-07,387435,7,9
2024-09-06,415105,6,9
2024-09-05,401446,5,9
2024-09-04,392797,4,9
2024-09-03,382423,3,9
2024-09-02,394828,2,9
2024-09-01,436966,1,9
2024-08-31,429079,7,8
2024-08-30,437924,6,8
2024-08-29,475354,5,8
2024-08-28,539447,4,8
2024-08-27,487564,3,8
2024-08-26,475589,2,8
2024-08-25,425264,1,8
2024-08-24,405102,7,8
2024-08-23,407431,6,8
2024-08-22,389306,5,8
2024-08-21,382126,4,8
2024-08-20,401830,3,8
2024-08-19,477779,2,8
2024-08-18,454911,1,8
2024-08-17,462051,7,8
2024-08-16,492956,6,8
2024-08-15,480985,5,8
2024-08-14,465624,4,8
2024-08-13,436644,3,8
2024-08-12,436269,2,8
2024-08-11,421810,1,8
2024-08-10,459300,7,8
2024-08-09,498953,6,8
2024-08-08,437163,5,8
2024-08-07,448992,4,8
2024-08-06,537462,3,8
2024-08-05,544649,2,8
2024-08-04,501763,1,8
2024-08-03,536896,7,8
2024-08-02,580016,6,8
2024-08-01,578337,5,8
2024-07-31,565967,4,7
2024-07-30,549083,3,7
2024-07-29,512723,2,7
2024-07-28,457041,1,7
2024-07-27,446802,7,7
2024-07-26,459510,6,7
2024-07-25,504415,5,7
2024-07-24,522291,4,7
2024-07-23,515697,3,7
2024-07-22,526457,2,7
2024-07-21,482653,1,7
2024-07-20,457240,7,7
2024-07-19,474958,6,7
2024-07-18,523047,5,7
2024-07-17,572022,4,7
2024-07-16,592567,3,7
2024-07-15,582246,2,7
2024-07-14,519002,1,7
2024-07-13,514810,7,7
2024-07-12,537021,6,7
2024-07-11,560345,5,7
2024-07-10,596679,4,7
2024-07-09,584881,3,7
2024-07-08,575041,2,7
2024-07-07,521388,1,7
2024-07-06,524043,7,7
2024-07-05,535062,6,7
2024-07-04,468304,5,7
2024-07-03,464048,4,7
2024-07-02,442764,3,7
2024-07-01,431153,2,7
2024-06-30,459818,1,6
2024-06-29,428966,7,6
2024-06-28,413704,6,6
2024-06-27,474388,5,6
2024-06-26,525513,4,6
2024-06-25,488333,3,6
2024-06-24,487872,2,6
2024-06-23,528587,1,6
2024-06-22,535052,7,6
2024-06-21,569747,6,6
2024-06-20,560371,5,6
2024-06-19,543998,4,6
2024-06-18,528597,3,6
2024-06-17,472702,2,6
2024-06-16,373330,1,6
2024-06-15,392856,7,6
2024-06-14,460500,6,6
2024-06-13,437863,5,6
2024-06-12,400073,4,6
2024-06-11,396022,3,6
2024-06-10,397209,2,6
2024-06-09,372919,1,6
2024-06-08,379216,7,6
2024-06-07,437779,6,6
2024-06-06,475275,5,6
2024-06-05,461009,4,6
2024-06-04,455096,3,6
2024-06-03,448343,2,6
2024-06-02,378133,1,6
2024-06-01,360183,7,6
2024-05-31,365780,6,5
2024-05-30,368523,5,5
2024-05-29,393945,4,5
2024-05-28,415978,3,5
2024-05-27,398974,2,5
2024-05-26,382548,1,5
2024-05-25,375230,7,5
2024-05-24,414012,6,5
2024-05-23,424937,5,5
2024-05-22,434377,4,5
2024-05-21,408914,3,5
2024-05-20,377636,2,5
2024-05-19,336057,1,5
2024-05-18,336962,7,5
2024-05-17,358677,6,5
2024-05-16,363810,5,5
2024-05-15,367413,4,5
2024-05-14,354711,3,5
2024-05-13,347954,2,5
2024-05-12,322479,1,5
2024-05-11,318881,7,5
2024-05-10,355509,6,5
2024-05-09,361010,5,5
2024-05-08,377331,4,5
2024-05-07,351355,3,5
2024-05-06,350571,2,5
2024-05-05,337959,1,5
2024-05-04,322139,7,5
2024-05-03,341940,6,5
2024-05-02,349936,5,5
2024-05-01,350558,4,5
2024-04-30,357614,3,4
2024-04-29,367015,2,4
2024-04-28,325176,1,4
2024-04-27,326116,7,4
2024-04-26,339869,6,4
2024-04-25,343892,5,4
2024-04-24,355440,4,4
2024-04-23,342348,3,4
2024-04-22,342465,2,4
2024-04-21,338783,1,4
2024-04-20,332701,7,4
2024-04-19,358950,6,4
2024-04-18,374256,5,4
2024-04-17,356408,4,4
2024-04-16,339492,3,4
2024-04-15,350306,2,4
2024-04-14,335281,1,4
2024-04-13,348744,7,4
2024-04-12,362000,6,4
2024-04-11,365841,5,4
2024-04-10,355212,4,4
2024-04-09,346768,3,4
2024-04-08,359559,2,4
2024-04-07,331645,1,4
2024-04-06,356074,7,4
2024-04-05,388378,6,4
2024-04-04,397689,5,4
2024-04-03,407045,4,4
2024-04-02,387097,3,4
2024-04-01,367507,2,4
2024-03-31,324834,1,3
2024-03-30,344454,7,3
2024-03-29,368971,6,3
2024-03-28,385640,5,3
2024-03-27,383448,4,3
2024-03-26,385561,3,3
2024-03-25,383981,2,3
2024-03-24,374124,1,3
2024-03-23,401240,7,3
2024-03-22,415370,6,3
2024-03-21,410406,5,3
2024-03-20,397710,4,3
2024-03-19,393405,3,3
2024-03-18,382298,2,3
2024-03-17,336793,1,3
2024-03-16,335411,7,3
2024-03-15,366545,6,3
2024-03-14,357131,5,3
2024-03-13,359800,4,3
2024-03-12,368076,3,3
2024-03-11,396162,2,3
2024-03-10,359499,1,3
2024-03-09,379781,7,3
2024-03-08,367479,6,3
2024-03-07,381120,5,3
2024-03-06,389117,4,3
2024-03-05,384689,3,3
2024-03-04,367679,2,3
2024-03-03,351663,1,3
2024-03-02,386945,7,3
2024-03-01,402317,6,3
2024-02-29,421602,5,2
2024-02-28,396623,4,2
2024-02-27,385408,3,2
2024-02-26,395371,2,2
2024-02-25,393214,1,2
2024-02-24,388729,7,2
2024-02-23,401186,6,2
2024-02-22,416491,5,2
2024-02-21,418196,4,2
2024-02-20,428184,3,2
2024-02-19,415805,2,2
2024-02-18,418952,1,2
2024-02-17,421321,7,2
2024-02-16,426724,6,2
2024-02-15,441473,5,2
2024-02-14,436800,4,2
2024-02-13,427326,3,2
2024-02-12,408515,2,2
2024-02-11,375216,1,2
2024-02-10,366403,7,2
2024-02-09,390065,6,2
2024-02-08,403921,5,2
2024-02-07,419883,4,2
2024-02-06,423078,3,2
2024-02-05,418621,2,2
2024-02-04,388873,1,2
2024-02-03,394338,7,2
2024-02-02,422726,6,2
2024-02-01,427766,5,2
2024-01-31,435711,4,1
2024-01-30,442912,3,1
2024-01-29,438516,2,1
2024-01-28,404502,1,1
2024-01-27,391839,7,1
2024-01-26,415228,6,1
2024-01-25,411051,5,1
2024-01-24,434340,4,1
2024-01-23,446742,3,1
2024-01-22,468156,2,1
2024-01-21,463436,1,1
2024-01-20,473397,7,1
2024-01-19,475271,6,1
2024-01-18,483811,5,1
2024-01-17,461496,4,1
2024-01-16,470943,3,1
2024-01-15,450200,2,1
2024-01-14,411754,1,1
2024-01-13,389538,7,1
2024-01-12,406979,6,1
2024-01-11,416354,5,1
2024-01-10,410623,4,1
2024-01-09,435703,3,1
2024-01-08,429591,2,1
2024-01-07,418058,1,1
2024-01-06,426204,7,1
2024-01-05,443452,6,1
2024-01-04,430238,5,1
2024-01-03,427709,4,1
2024-01-02,423513,3,1
2024-01-01,387760,2,1
2023-12-31,390049,1,12
2023-12-30,382382,7,12
2023-12-29,384132,6,12
2023-12-28,389848,5,12
2023-12-27,394055,4,12
2023-12-26,391138,3,12
2023-12-25,360649,2,12
2023-12-24,384835,1,12
2023-12-23,411441,7,12
2023-12-22,436126,6,12
2023-12-21,429908,5,12
2023-12-20,435155,4,12
2023-12-19,428070,3,12
2023-12-18,403894,2,12
2023-12-17,380944,1,12
2023-12-16,376701,7,12
2023-12-15,406664,6,12
2023-12-14,429718,5,12
2023-12-13,422306,4,12
2023-12-12,416767,3,12
2023-12-11,419515,2,12
2023-12-10,376182,1,12
2023-12-09,373711,7,12
2023-12-08,412205,6,12
2023-12-07,442171,5,12
2023-12-06,431962,4,12
2023-12-05,420938,3,12
2023-12-04,403910,2,12
2023-12-03,381390,1,12
2023-12-02,378264,7,12
2023-12-01,410305,6,12
2023-11-30,414521,5,11
2023-11-29,441816,4,11
2023-11-28,431182,3,11
2023-11-27,402302,2,11
2023-11-26,381840,1,11
2023-11-25,385287,7,11
2023-11-24,374717,6,11
2023-11-23,357208,5,11
2023-11-22,399455,4,11
2023-11-21,422208,3,11
2023-11-20,398738,2,11
2023-11-19,361956,1,11
2023-11-18,353161,7,11
2023-11-17,376382,6,11
2023-11-16,379487,5,11
2023-11-15,390690,4,11
2023-11-14,397633,3,11
2023-11-13,402867,2,11
2023-11-12,369083,1,11
2023-11-11,363503,7,11
2023-11-10,386341,6,11
2023-11-09,393383,5,11
2023-11-08,383652,4,11
2023-11-07,377906,3,11
2023-11-06,380687,2,11
2023-11-05,356806,1,11
2023-11-04,353806,7,11
2023-11-03,376754,6,11
2023-11-02,393357,5,11
2023-11-01,391850,4,11
2023-10-31,376276,3,10
2023-10-30,381897,2,10
2023-10-29,350128,1,10
2023-10-28,354555,7,10
2023-10-27,372224,6,10
2023-10-26,372609,5,10
2023-10-25,368089,4,10
2023-10-24,367799,3,10
2023-10-23,364232,2,10
2023-10-22,341587,1,10
2023-10-21,347420,7,10
2023-10-20,372367,6,10
2023-10-19,362798,5,10
2023-10-18,370005,4,10
2023-10-17,367636,3,10
2023-10-16,365421,2,10
2023-10-15,336784,1,10
2023-10-14,347869,7,10
2023-10-13,354007,6,10
2023-10-12,360176,5,10
2023-10-11,364173,4,10
2023-10-10,362268,3,10
2023-10-09,352285,2,10
2023-10-08,324694,1,10
2023-10-07,362531,7,10
2023-10-06,409244,6,10
2023-10-05,407490,5,10
2023-10-04,421794,4,10
2023-10-03,398934,3,10
2023-10-02,386038,2,10
2023-10-01,342239,1,10
2023-09-30,343517,7,9
2023-09-29,371057,6,9
2023-09-28,358569,5,9
2023-09-27,351547,4,9
2023-09-26,362953,3,9
2023-09-25,369004,2,9
2023-09-24,347665,1,9
2023-09-23,347082,7,9
2023-09-22,368390,6,9
2023-09-21,371396,5,9
2023-09-20,372949,4,9
2023-09-19,379157,3,9
2023-09-18,401057,2,9
2023-09-17,356750,1,9
2023-09-16,347287,7,9
2023-09-15,371734,6,9
2023-09-14,416021,5,9
2023-09-13,462646,4,9
2023-09-12,469119,3,9
2023-09-11,480290,2,9
2023-09-10,450864,1,9
2023-09-09,484367,7,9
2023-09-08,531312,6,9
2023-09-07,583530,5,9
2023-09-06,590859,4,9
2023-09-05,567735,3,9
2023-09-04,495882,2,9
2023-09-03,438201,1,9
2023-09-02,379217,7,9
2023-09-01,390399,6,9
2023-08-31,404950,5,8
2023-08-30,459840,4,8
2023-08-29,459067,3,8
2023-08-28,444158,2,8
2023-08-27,419960,1,8
2023-08-26,444657,7,8
2023-08-25,452775,6,8
2023-08-24,430894,5,8
2023-08-23,424054,4,8
2023-08-22,440861,3,8
2023-08-21,495605,2,8
2023-08-20,409987,1,8
2023-08-19,382469,7,8
2023-08-18,451794,6,8
2023-08-17,479408,5,8
2023-08-16,480007,4,8
2023-08-15,481777,3,8
2023-08-14,487917,2,8
2023-08-13,460411,1,8
2023-08-12,444920,7,8
2023-08-11,457084,6,8
2023-08-10,465105,5,8
2023-08-09,469883,4,8
2023-08-08,472963,3,8
2023-08-07,493552,2,8
2023-08-06,434358,1,8
2023-08-05,437452,7,8
2023-08-04,459470,6,8
2023-08-03,445878,5,8
2023-08-02,427096,4,8
2023-08-01,435324,3,8
2023-07-31,446976,2,7
2023-07-30,414495,1,7
2023-07-29,529835,7,7
2023-07-28,577616,6,7
2023-07-27,567010,5,7
2023-07-26,517627,4,7
2023-07-25,506807,3,7
2023-07-24,506188,2,7
2023-07-23,455533,1,7
2023-07-22,449553,7,7
2023-07-21,502012,6,7
2023-07-20,501495,5,7
2023-07-19,490114,4,7
2023-07-18,526145,3,7
2023-07-17,541307,2,7
2023-07-16,497093,1,7
2023-07-15,507765,7,7
2023-07-14,518623,6,7
2023-07-13,547632,5,7
2023-07-12,532334,4,7
2023-07-11,502830,3,7
2023-07-10,496838,2,7
2023-07-09,475684,1,7
2023-07-08,494545,7,7
2023-07-07,543441,6,7
2023-07-06,563299,5,7
2023-07-05,536105,4,7
2023-07-04,471224,3,7
2023-07-03,497472,2,7
2023-07-02,451059,1,7
2023-07-01,439545,7,7
2023-06-30,460167,6,6
2023-06-29,442343,5,6
2023-06-28,447233,4,6
2023-06-27,450807,3,6
2023-06-26,469876,2,6
2023-06-25,436926,1,6
2023-06-24,415226,7,6
2023-06-23,419329,6,6
2023-06-22,397641,5,6
2023-06-21,403538,4,6
2023-06-20,419516,3,6
2023-06-19,407913,2,6
2023-06-18,362553,1,6
2023-06-17,358573,7,6
2023-06-16,399818,6,6
2023-06-15,393562,5,6
2023-06-14,398769,4,6
2023-06-13,403232,3,6
2023-06-12,417727,2,6
2023-06-11,368404,1,6
2023-06-10,345925,7,6
2023-06-09,365957,6,6
2023-06-08,368385,5,6
2023-06-07,364924,4,6
2023-06-06,373060,3,6
2023-06-05,362634,2,6
2023-06-04,323676,1,6
2023-06-03,368122,7,6
2023-06-02,448046,6,6
2023-06-01,421942,5,6
2023-05-31,389761,4,5
2023-05-30,373798,3,5
2023-05-29,346952,2,5
2023-05-28,331256,1,5
2023-05-27,327519,7,5
2023-05-26,344498,6,5
2023-05-25,344406,5,5
2023-05-24,359851,4,5
2023-05-23,355234,3,5
2023-05-22,357179,2,5
2023-05-21,321377,1,5
2023-05-20,340257,7,5
2023-05-19,347304,6,5
2023-05-18,341869,5,5
2023-05-17,349076,4,5
2023-05-16,365366,3,5
2023-05-15,353202,2,5
2023-05-14,321480,1,5
2023-05-13,361318,7,5
2023-05-12,382667,6,5
2023-05-11,357481,5,5
2023-05-10,343723,4,5
2023-05-09,343182,3,5
2023-05-08,351217,2,5
2023-05-07,319256,1,5
2023-05-06,317453,7,5
2023-05-05,347953,6,5
2023-05-04,364282,5,5
2023-05-03,362991,4,5
2023-05-02,362066,3,5
2023-05-01,354241,2,5
2023-04-30,343546,1,4
2023-04-29,347414,7,4
2023-04-28,354173,6,4
2023-04-27,353480,5,4
2023-04-26,356268,4,4
2023-04-25,357574,3,4
2023-04-24,353181,2,4
2023-04-23,329118,1,4
2023-04-22,325093,7,4
2023-04-21,340097,6,4
2023-04-20,348058,5,4
2023-04-19,359758,4,4
2023-04-18,358331,3,4
2023-04-17,354728,2,4
2023-04-16,330423,1,4
2023-04-15,345826,7,4
2023-04-14,384186,6,4
2023-04-13,370935,5,4
2023-04-12,348633,4,4
2023-04-11,346981,3,4
2023-04-10,344926,2,4
2023-04-09,318693,1,4
2023-04-08,333294,7,4
2023-04-07,348795,6,4
2023-04-06,358342,5,4
2023-04-05,369020,4,4
2023-04-04,358409,3,4
2023-04-03,363987,2,4
2023-04-02,335164,1,4
2023-04-01,340462,7,4
2023-03-31,392488,6,3
2023-03-30,383436,5,3
2023-03-29,371904,4,3
2023-03-28,380407,3,3
2023-03-27,378230,2,3
2023-03-26,336512,1,3
2023-03-25,378027,7,3
2023-03-24,370607,6,3
2023-03-23,379278,5,3
2023-03-22,371501,4,3
2023-03-21,372953,3,3
2023-03-20,385241,2,3
2023-03-19,375771,1,3
2023-03-18,357175,7,3
2023-03-17,387887,6,3
2023-03-16,392506,5,3
2023-03-15,408274,4,3
2023-03-14,423648,3,3
2023-03-13,409925,2,3
2023-03-12,359761,1,3
2023-03-11,390735,7,3
2023-03-10,407218,6,3
2023-03-09,401725,5,3
2023-03-08,409802,4,3
2023-03-07,399747,3,3
2023-03-06,391012,2,3
2023-03-05,370237,1,3
2023-03-04,387061,7,3
2023-03-03,401773,6,3
2023-03-02,405127,5,3
2023-03-01,412869,4,3
2023-02-28,431938,3,2
2023-02-27,411799,2,2
2023-02-26,399977,1,2
2023-02-25,428564,7,2
2023-02-24,413590,6,2
2023-02-23,417667,5,2
2023-02-22,414043,4,2
2023-02-21,400505,3,2
2023-02-20,375218,2,2
2023-02-19,371472,1,2
2023-02-18,380315,7,2
2023-02-17,399012,6,2
2023-02-16,379026,5,2
2023-02-15,373676,4,2
2023-02-14,380814,3,2
2023-02-13,388023,2,2
2023-02-12,375690,1,2
2023-02-11,379637,7,2
2023-02-10,392227,6,2
2023-02-09,417733,5,2
2023-02-08,402113,4,2
2023-02-07,427017,3,2
2023-02-06,423255,2,2
2023-02-05,416754,1,2
2023-02-04,484021,7,2
2023-02-03,474073,6,2
2023-02-02,434689,5,2
2023-02-01,439322,4,2
2023-01-31,432008,3,1
2023-01-30,412378,2,1
2023-01-29,386965,1,1
2023-01-28,385163,7,1
2023-01-27,421747,6,1
2023-01-26,422036,5,1
2023-01-25,433224,4,1
2023-01-24,425993,3,1
2023-01-23,430239,2,1
2023-01-22,396379,1,1
2023-01-21,401239,7,1
2023-01-20,413040,6,1
2023-01-19,421151,5,1
2023-01-18,409281,4,1
2023-01-17,428337,3,1
2023-01-16,424077,2,1
2023-01-15,411256,1,1
2023-01-14,418622,7,1
2023-01-13,411605,6,1
2023-01-12,422209,5,1
2023-01-11,427479,4,1
2023-01-10,427763,3,1
2023-01-09,419995,2,1
2023-01-08,394021,1,1
2023-01-07,392144,7,1
2023-01-06,404341,6,1
2023-01-05,395100,5,1
2023-01-04,392449,4,1
2023-01-03,404670,3,1
2023-01-02,377848,2,1
2023-01-01,357120,1,1
2022-12-31,373979,7,12
2022-12-30,388828,6,12
2022-12-29,406497,5,12
2022-12-28,423600,4,12
2022-12-27,450373,3,12
2022-12-26,445148,2,12
2022-12-25,440051,1,12
2022-12-24,471567,7,12
2022-12-23,433897,6,12
2022-12-22,437369,5,12
2022-12-21,437409,4,12
2022-12-20,439344,3,12
2022-12-19,441335,2,12
2022-12-18,405618,1,12
2022-12-17,401844,7,12
2022-12-16,431541,6,12
2022-12-15,446909,5,12
2022-12-14,445467,4,12
2022-12-13,446120,3,12
2022-12-12,440042,2,12
2022-12-11,406325,1,12
2022-12-10,398472,7,12
2022-12-09,410401,6,12
2022-12-08,395795,5,12
2022-12-07,395569,4,12
2022-12-06,412121,3,12
2022-12-05,414809,2,12
2022-12-04,383809,1,12
2022-12-03,386842,7,12
2022-12-02,414743,6,12
2022-12-01,420331,5,12
2022-11-30,412040,4,11
2022-11-29,409500,3,11
2022-11-28,395059,2,11
2022-11-27,369839,1,11
2022-11-26,355992,7,11
2022-11-25,371896,6,11
2022-11-24,360503,5,11
2022-11-23,395186,4,11
2022-11-22,404262,3,11
2022-11-21,424428,2,11
2022-11-20,399511,1,11
2022-11-19,390704,7,11
2022-11-18,407274,6,11
2022-11-17,406837,5,11
2022-11-16,405670,4,11
2022-11-15,409202,3,11
2022-11-14,393016,2,11
2022-11-13,352217,1,11
2022-11-12,350189,7,11
2022-11-11,375461,6,11
2022-11-10,368441,5,11
2022-11-09,373883,4,11
2022-11-08,364476,3,11
2022-11-07,372260,2,11
2022-11-06,365645,1,11
2022-11-05,348797,7,11
2022-11-04,362783,6,11
2022-11-03,363608,5,11
2022-11-02,363778,4,11
2022-11-01,375433,3,11
2022-10-31,369105,2,10
2022-10-30,338359,1,10
2022-10-29,342245,7,10
2022-10-28,367224,6,10
2022-10-27,362305,5,10
2022-10-26,380186,4,10
2022-10-25,377642,3,10
2022-10-24,369924,2,10
2022-10-23,337044,1,10
2022-10-22,334261,7,10
2022-10-21,363911,6,10
2022-10-20,376629,5,10
2022-10-19,377574,4,10
2022-10-18,366894,3,10
2022-10-17,372337,2,10
2022-10-16,330210,1,10
2022-10-15,332720,7,10
2022-10-14,357356,6,10
2022-10-13,379397,5,10
2022-10-12,362693,4,10
2022-10-11,361815,3,10
2022-10-10,356988,2,10
2022-10-09,331356,1,10
2022-10-08,337114,7,10
2022-10-07,370922,6,10
2022-10-06,366484,5,10
2022-10-05,370598,4,10
2022-10-04,380474,3,10
2022-10-03,371457,2,10
2022-10-02,334579,1,10
2022-10-01,339570,7,10
2022-09-30,358453,6,9
2022-09-29,361651,5,9
2022-09-28,369309,4,9
2022-09-27,372601,3,9
2022-09-26,374670,2,9
2022-09-25,345662,1,9
2022-09-24,331175,7,9
2022-09-23,355382,6,9
2022-09-22,414969,5,9
2022-09-21,430535,4,9
2022-09-20,436421,3,9
2022-09-19,457330,2,9
2022-09-18,408063,1,9
2022-09-17,373341,7,9
2022-09-16,382655,6,9
2022-09-15,397434,5,9
2022-09-14,430059,4,9
2022-09-13,473225,3,9
2022-09-12,463393,2,9
2022-09-11,410176,1,9
2022-09-10,414587,7,9
2022-09-09,430244,6,9
2022-09-08,431963,5,9
2022-09-07,431800,4,9
2022-09-06,462891,3,9
2022-09-05,462389,2,9
2022-09-04,450186,1,9
2022-09-03,421998,7,9
2022-09-02,429684,6,9
2022-09-01,458351,5,9
2022-08-31,494411,4,8
2022-08-30,553334,3,8
2022-08-29,550544,2,8
2022-08-28,468204,1,8
2022-08-27,483418,7,8
2022-08-26,525128,6,8
2022-08-25,523934,5,8
2022-08-24,515251,4,8
2022-08-23,515643,3,8
2022-08-22,503422,2,8
2022-08-21,478724,1,8
2022-08-20,494694,7,8
2022-08-19,490626,6,8
2022-08-18,463151,5,8
2022-08-17,454669,4,8
2022-08-16,467088,3,8
2022-08-15,465434,2,8
2022-08-14,412349,1,8
2022-08-13,411863,7,8
2022-08-12,475127,6,8
2022-08-11,527410,5,8
2022-08-10,543232,4,8
2022-08-09,611972,3,8
2022-08-08,621287,2,8
2022-08-07,573906,1,8
2022-08-06,560940,7,8
2022-08-05,576386,6,8
2022-08-04,581315,5,8
2022-08-03,544856,4,8
2022-08-02,537157,3,8
2022-08-01,498356,2,8
2022-07-31,470435,1,7
2022-07-30,482024,7,7
2022-07-29,532754,6,7
2022-07-28,556273,5,7
2022-07-27,498791,4,7
2022-07-26,496129,3,7
2022-07-25,574545,2,7
2022-07-24,563938,1,7
2022-07-23,559974,7,7
2022-07-22,585707,6,7
2022-07-21,608105,5,7
2022-07-20,605859,4,7
2022-07-19,558981,3,7
2022-07-18,526190,2,7
2022-07-17,480966,1,7
2022-07-16,462208,7,7
2022-07-15,486175,6,7
2022-07-14,516803,5,7
2022-07-13,527084,4,7
2022-07-12,521841,3,7
2022-07-11,472530,2,7
2022-07-10,412997,1,7
2022-07-09,440819,7,7
2022-07-08,482822,6,7
2022-07-07,481602,5,7
2022-07-06,499684,4,7
2022-07-05,475326,3,7
2022-07-04,423686,2,7
2022-07-03,442303,1,7
2022-07-02,492965,7,7
2022-07-01,526072,6,7
2022-06-30,475488,5,6
2022-06-29,443985,4,6
2022-06-28,428090,3,6
2022-06-27,470754,2,6
2022-06-26,478066,1,6
2022-06-25,456234,7,6
2022-06-24,438680,6,6
2022-06-23,418264,5,6
2022-06-22,431426,4,6
2022-06-21,421047,3,6
2022-06-20,382314,2,6
2022-06-19,328801,1,6
2022-06-18,370098,7,6
2022-06-17,478940,6,6
2022-06-16,456388,5,6
2022-06-15,458247,4,6
2022-06-14,439182,3,6
2022-06-13,450830,2,6
2022-06-12,372179,1,6
2022-06-11,380077,7,6
2022-06-10,407263,6,6
2022-06-09,442467,5,6
2022-06-08,437771,4,6
2022-06-07,417263,3,6
2022-06-06,408991,2,6
2022-06-05,354341,1,6
2022-06-04,370229,7,6
2022-06-03,409061,6,6
2022-06-02,419580,5,6
2022-06-01,422070,4,6
2022-05-31,513029,3,5
2022-05-30,407158,2,5
2022-05-29,354089,1,5
2022-05-28,370143,7,5
2022-05-27,405941,6,5
2022-05-26,376922,5,5
2022-05-25,366308,4,5
2022-05-24,368690,3,5
2022-05-23,387040,2,5
2022-05-22,426749,1,5
2022-05-21,408354,7,5
2022-05-20,369533,6,5
2022-05-19,366395,5,5
2022-05-18,354919,4,5
2022-05-17,365360,3,5
2022-05-16,391582,2,5
2022-05-15,363172,1,5
2022-05-14,368342,7,5
2022-05-13,383995,6,5
2022-05-12,367219,5,5
2022-05-11,352804,4,5
2022-05-10,345909,3,5
2022-05-09,344868,2,5
2022-05-08,320761,1,5
2022-05-07,337622,7,5
2022-05-06,357753,6,5
2022-05-05,349202,5,5
2022-05-04,365483,4,5
2022-05-03,355332,3,5
2022-05-02,364459,2,5
2022-05-01,318743,1,5
2022-04-30,324495,7,4
2022-04-29,354137,6,4
2022-04-28,363575,5,4
2022-04-27,366888,4,4
2022-04-26,367151,3,4
2022-04-25,354332,2,4
2022-04-24,317182,1,4
2022-04-23,331229,7,4
2022-04-22,349912,6,4
2022-04-21,371922,5,4
2022-04-20,364751,4,4
2022-04-19,383257,3,4
2022-04-18,371403,2,4
2022-04-17,329959,1,4
2022-04-16,337822,7,4
2022-04-15,342061,6,4
2022-04-14,363493,5,4
2022-04-13,359734,4,4
2022-04-12,356978,3,4
2022-04-11,366013,2,4
2022-04-10,354325,1,4
2022-04-09,346982,7,4
2022-04-08,366369,6,4
2022-04-07,391376,5,4
2022-04-06,379429,4,4
2022-04-05,373680,3,4
2022-04-04,380454,2,4
2022-04-03,366445,1,4
2022-04-02,352549,7,4
2022-04-01,381021,6,4
2022-03-31,387855,5,3
2022-03-30,415453,4,3
2022-03-29,422667,3,3
2022-03-28,432280,2,3
2022-03-27,370833,1,3
2022-03-26,355638,7,3
2022-03-25,376651,6,3
2022-03-24,390837,5,3
2022-03-23,390981,4,3
2022-03-22,369472,3,3
2022-03-21,365711,2,3
2022-03-20,345386,1,3
2022-03-19,340963,7,3
2022-03-18,359371,6,3
2022-03-17,376855,5,3
2022-03-16,368983,4,3
2022-03-15,383112,3,3
2022-03-14,399280,2,3
2022-03-13,391820,1,3
2022-03-12,407073,7,3
2022-03-11,391633,6,3
2022-03-10,403381,5,3
2022-03-09,423633,4,3
2022-03-08,392419,3,3
2022-03-07,390578,2,3
2022-03-06,360191,1,3
2022-03-05,396104,7,3
2022-03-04,430519,6,3
2022-03-03,416973,5,3
2022-03-02,406531,4,3
2022-03-01,432395,3,3
2022-02-28,434624,2,2
2022-02-27,401051,1,2
2022-02-26,418335,7,2
2022-02-25,446363,6,2
2022-02-24,434053,5,2
2022-02-23,398469,4,2
2022-02-22,408506,3,2
2022-02-21,394780,2,2
2022-02-20,415199,1,2
2022-02-19,427191,7,2
2022-02-18,414991,6,2
2022-02-17,409066,5,2
2022-02-16,443515,4,2
2022-02-15,472536,3,2
2022-02-14,470508,2,2
2022-02-13,418603,1,2
2022-02-12,383488,7,2
2022-02-11,405937,6,2
2022-02-10,418997,5,2
2022-02-09,427932,4,2
2022-02-08,436570,3,2
2022-02-07,451630,2,2
2022-02-06,446185,1,2
2022-02-05,448858,7,2
2022-02-04,450497,6,2
2022-02-03,435333,5,2
2022-02-02,435492,4,2
2022-02-01,458322,3,2
2022-01-31,472752,2,1
2022-01-30,464368,1,1
2022-01-29,472203,7,1
2022-01-28,463408,6,1
2022-01-27,477551,5,1
2022-01-26,470414,4,1
2022-01-25,450540,3,1
2022-01-24,459578,2,1
2022-01-23,438048,1,1
2022-01-22,463056,7,1
2022-01-21,483931,6,1
2022-01-20,451197,5,1
2022-01-19,446006,4,1
2022-01-18,455428,3,1
2022-01-17,446764,2,1
2022-01-16,461701,1,1
2022-01-15,472953,7,1
2022-01-14,440947,6,1
2022-01-13,432684,5,1
2022-01-12,465751,4,1
2022-01-11,486958,3,1
2022-01-10,455889,2,1
2022-01-09,422709,1,1
2022-01-08,439824,7,1
2022-01-07,452261,6,1
2022-01-06,435247,5,1
2022-01-05,438027,4,1
2022-01-04,453310,3,1
2022-01-03,448996,2,1
2022-01-02,382944,1,1
2022-01-01,364945,7,1
2021-12-31,380279,6,12
2021-12-30,401376,5,12
2021-12-29,411729,4,12
2021-12-28,411471,3,12
2021-12-27,424491,2,12
2021-12-26,377826,1,12
2021-12-25,381031,7,12
2021-12-24,412041,6,12
2021-12-23,434566,5,12
2021-12-22,427415,4,12
2021-12-21,427748,3,12
2021-12-20,438651,2,12
2021-12-19,402296,1,12
2021-12-18,395970,7,12
2021-12-17,387297,6,12
2021-12-16,393911,5,12
2021-12-15,417533,4,12
2021-12-14,406508,3,12
2021-12-13,407557,2,12
2021-12-12,374538,1,12
2021-12-11,385857,7,12
2021-12-10,421014,6,12
2021-12-09,439318,5,12
2021-12-08,436185,4,12
2021-12-07,424133,3,12
2021-12-06,409530,2,12
2021-12-05,386815,1,12
2021-12-04,393324,7,12
2021-12-03,410901,6,12
2021-12-02,409290,5,12
2021-12-01,414962,4,12
2021-11-30,432433,3,11
2021-11-29,424413,2,11
2021-11-28,397107,1,11
2021-11-27,390358,7,11
2021-11-26,383990,6,11
2021-11-25,368786,5,11
2021-11-24,411563,4,11
2021-11-23,415459,3,11
2021-11-22,400669,2,11
2021-11-21,365167,1,11
2021-11-20,377006,7,11
2021-11-19,395872,6,11
2021-11-18,386099,5,11
2021-11-17,400827,4,11
2021-11-16,401603,3,11
2021-11-15,401029,2,11
2021-11-14,364484,1,11
2021-11-13,363727,7,11
2021-11-12,380179,6,11
2021-11-11,378296,5,11
2021-11-10,371055,4,11
2021-11-09,378210,3,11
2021-11-08,378526,2,11
2021-11-07,370979,1,11
2021-11-06,362899,7,11
2021-11-05,388933,6,11
2021-11-04,392496,5,11
2021-11-03,387462,4,11
2021-11-02,381553,3,11
2021-11-01,368267,2,11
2021-10-31,341288,1,10
2021-10-30,354960,7,10
2021-10-29,373093,6,10
2021-10-28,370213,5,10
2021-10-27,372780,4,10
2021-10-26,386916,3,10
2021-10-25,382666,2,10
2021-10-24,338150,1,10
2021-10-23,343715,7,10
2021-10-22,373467,6,10
2021-10-21,379073,5,10
2021-10-20,372814,4,10
2021-10-19,366013,3,10
2021-10-18,366490,2,10
2021-10-17,338428,1,10
2021-10-16,381062,7,10
2021-10-15,407906,6,10
2021-10-14,398505,5,10
2021-10-13,392677,4,10
2021-10-12,389922,3,10
2021-10-11,380322,2,10
2021-10-10,350618,1,10
2021-10-09,356688,7,10
2021-10-08,396250,6,10
2021-10-07,392990,5,10
2021-10-06,384145,4,10
2021-10-05,385804,3,10
2021-10-04,407602,2,10
2021-10-03,363003,1,10
2021-10-02,345926,7,10
2021-10-01,360615,6,10
2021-09-30,368584,5,9
2021-09-29,371318,4,9
2021-09-28,401475,3,9
2021-09-27,395893,2,9
2021-09-26,349913,1,9
2021-09-25,361999,7,9
2021-09-24,398403,6,9
2021-09-23,472433,5,9
2021-09-22,465200,4,9
2021-09-21,420718,3,9
2021-09-20,414650,2,9
2021-09-19,389462,1,9
2021-09-18,442843,7,9
2021-09-17,457534,6,9
2021-09-16,455728,5,9
2021-09-15,498502,4,9
2021-09-14,466466,3,9
2021-09-13,476225,2,9
2021-09-12,414037,1,9
2021-09-11,379406,7,9
2021-09-10,405248,6,9
2021-09-09,447704,5,9
2021-09-08,469124,4,9
2021-09-07,431277,3,9
2021-09-06,411241,2,9
2021-09-05,390216,1,9
2021-09-04,381463,7,9
2021-09-03,394874,6,9
2021-09-02,404896,5,9
2021-09-01,455094,4,9
2021-08-31,508719,3,8
2021-08-30,528948,2,8
2021-08-29,444715,1,8
2021-08-28,471359,7,8
2021-08-27,583902,6,8
2021-08-26,598650,5,8
2021-08-25,565729,4,8
2021-08-24,545593,3,8
2021-08-23,514700,2,8
2021-08-22,474030,1,8
2021-08-21,500330,7,8
2021-08-20,525709,6,8
2021-08-19,543100,5,8
2021-08-18,516433,4,8
2021-08-17,494718,3,8
2021-08-16,472967,2,8
2021-08-15,440552,1,8
2021-08-14,530336,7,8
2021-08-13,600360,6,8
2021-08-12,591527,5,8
2021-08-11,576272,4,8
2021-08-10,533246,3,8
2021-08-09,506104,2,8
2021-08-08,450707,1,8
2021-08-07,480482,7,8
2021-08-06,495648,6,8
2021-08-05,453627,5,8
2021-08-04,435027,4,8
2021-08-03,428325,3,8
2021-08-02,432120,2,8
2021-08-01,393980,1,8
2021-07-31,384501,7,7
2021-07-30,455163,6,7
2021-07-29,471653,5,7
2021-07-28,490337,4,7
2021-07-27,522558,3,7
2021-07-26,532521,2,7
2021-07-25,463355,1,7
2021-07-24,436459,7,7
2021-07-23,458287,6,7
2021-07-22,459845,5,7
2021-07-21,491012,4,7
2021-07-20,525650,3,7
2021-07-19,495959,2,7
2021-07-18,474043,1,7
2021-07-17,514869,7,7
2021-07-16,570552,6,7
2021-07-15,551789,5,7
2021-07-14,516042,4,7
2021-07-13,484708,3,7
2021-07-12,496398,2,7
2021-07-11,430384,1,7
2021-07-10,448446,7,7
2021-07-09,498113,6,7
2021-07-08,515975,5,7
2021-07-07,550353,4,7
2021-07-06,538613,3,7
2021-07-05,439509,2,7
2021-07-04,372944,1,7
2021-07-03,377791,7,7
2021-07-02,465323,6,7
2021-07-01,529786,5,7
2021-06-30,614517,4,6
2021-06-29,618929,3,6
2021-06-28,594510,2,6
2021-06-27,510104,1,6
2021-06-26,464480,7,6
2021-06-25,435296,6,6
2021-06-24,411361,5,6
2021-06-23,392962,4,6
2021-06-22,446933,3,6
2021-06-21,531239,2,6
2021-06-20,451424,1,6
2021-06-19,450071,7,6
2021-06-18,423960,6,6
2021-06-17,397991,5,6
2021-06-16,401587,4,6
2021-06-15,425076,3,6
2021-06-14,417920,2,6
2021-06-13,384833,1,6
2021-06-12,383299,7,6
2021-06-11,415274,6,6
2021-06-10,482074,5,6
2021-06-09,545958,4,6
2021-06-08,535458,3,6
2021-06-07,538108,2,6
2021-06-06,480108,1,6
2021-06-05,435041,7,6
2021-06-04,417200,6,6
2021-06-03,394875,5,6
2021-06-02,384575,4,6
2021-06-01,368916,3,6
2021-05-31,331594,2,5
2021-05-30,338613,1,5
2021-05-29,344443,7,5
2021-05-28,376794,6,5
2021-05-27,421184,5,5
2021-05-26,444047,4,5
2021-05-25,395964,3,5
2021-05-24,384548,2,5
2021-05-23,425957,1,5
2021-05-22,406830,7,5
2021-05-21,406843,6,5
2021-05-20,401067,5,5
2021-05-19,403734,4,5
2021-05-18,377601,3,5
2021-05-17,362224,2,5
2021-05-16,327384,1,5
2021-05-15,328050,7,5
2021-05-14,351062,6,5
2021-05-13,350029,5,5
2021-05-12,351423,4,5
2021-05-11,353517,3,5
2021-05-10,356421,2,5
2021-05-09,321625,1,5
2021-05-08,333170,7,5
2021-05-07,348856,6,5
2021-05-06,345402,5,5
2021-05-05,360820,4,5
2021-05-04,358866,3,5
2021-05-03,355985,2,5
2021-05-02,324709,1,5
2021-05-01,326083,7,5
2021-04-30,359708,6,4
2021-04-29,369526,5,4
2021-04-28,357300,4,4
2021-04-27,355317,3,4
2021-04-26,354532,2,4
2021-04-25,329845,1,4
2021-04-24,324378,7,4
2021-04-23,360100,6,4
2021-04-22,382974,5,4
2021-04-21,373686,4,4
2021-04-20,357950,3,4
2021-04-19,350865,2,4
2021-04-18,325231,1,4
2021-04-17,341334,7,4
2021-04-16,373125,6,4
2021-04-15,371205,5,4
2021-04-14,351319,4,4
2021-04-13,355382,3,4
2021-04-12,368415,2,4
2021-04-11,331019,1,4
2021-04-10,324769,7,4
2021-04-09,348447,6,4
2021-04-08,347105,5,4
2021-04-07,349595,4,4
2021-04-06,351856,3,4
2021-04-05,352706,2,4
2021-04-04,329017,1,4
2021-04-03,352411,7,4
2021-04-02,382735,6,4
2021-04-01,378817,5,4
2021-03-31,366803,4,3
2021-03-30,358829,3,3
2021-03-29,366955,2,3
2021-03-28,343406,1,3
2021-03-27,330055,7,3
2021-03-26,357933,6,3
2021-03-25,356242,5,3
2021-03-24,370445,4,3
2021-03-23,360592,3,3
2021-03-22,364768,2,3
2021-03-21,346588,1,3
2021-03-20,365911,7,3
2021-03-19,403090,6,3
2021-03-18,410431,5,3
2021-03-17,406417,4,3
2021-03-16,432976,3,3
2021-03-15,422442,2,3
2021-03-14,352123,1,3
2021-03-13,361434,7,3
2021-03-12,363170,6,3
2021-03-11,372488,5,3
2021-03-10,381957,4,3
2021-03-09,390131,3,3
2021-03-08,420040,2,3
2021-03-07,393435,1,3
2021-03-06,412873,7,3
2021-03-05,428893,6,3
2021-03-04,413658,5,3
2021-03-03,410133,4,3
2021-03-02,437235,3,3
2021-03-01,414947,2,3
2021-02-28,381413,1,2
2021-02-27,389255,7,2
2021-02-26,406528,6,2
2021-02-25,404842,5,2
2021-02-24,405350,4,2
2021-02-23,429113,3,2
2021-02-22,446062,2,2
2021-02-21,413940,1,2
2021-02-20,422977,7,2
2021-02-19,452039,6,2
2021-02-18,461188,5,2
2021-02-17,444978,4,2
2021-02-16,431607,3,2
2021-02-15,438248,2,2
2021-02-14,420995,1,2
2021-02-13,441065,7,2
2021-02-12,462071,6,2
2021-02-11,455649,5,2
2021-02-10,451682,4,2
2021-02-09,461958,3,2
2021-02-08,460103,2,2
2021-02-07,425338,1,2
2021-02-06,406996,7,2
2021-02-05,427449,6,2
2021-02-04,435958,5,2
2021-02-03,451157,4,2
2021-02-02,454581,3,2
2021-02-01,464642,2,2
2021-01-31,451538,1,1
2021-01-30,452002,7,1
2021-01-29,481893,6,1
2021-01-28,457481,5,1
2021-01-27,443123,4,1
2021-01-26,449777,3,1
2021-01-25,446285,2,1
2021-01-24,426810,1,1
2021-01-23,423179,7,1
2021-01-22,425015,6,1
2021-01-21,440899,5,1
2021-01-20,434838,4,1
2021-01-19,427503,3,1
2021-01-18,409343,2,1
2021-01-17,388142,1,1
2021-01-16,391838,7,1
2021-01-15,418092,6,1
2021-01-14,417053,5,1
2021-01-13,428535,4,1
2021-01-12,430982,3,1
2021-01-11,439489,2,1
2021-01-10,407166,1,1
2021-01-09,417297,7,1
2021-01-08,437653,6,1
2021-01-07,429691,5,1
2021-01-06,425229,4,1
2021-01-05,421016,3,1
2021-01-04,419854,2,1
2021-01-03,400773,1,1
2021-01-02,386757,7,1
2021-01-01,394458,6,1
2020-12-31,409804,5,12
2020-12-30,431655,4,12
2020-12-29,425497,3,12
2020-12-28,418723,2,12
2020-12-27,409582,1,12
2020-12-26,414776,7,12
2020-12-25,374831,6,12
2020-12-24,395338,5,12
2020-12-23,423610,4,12
2020-12-22,425866,3,12
2020-12-21,429495,2,12
2020-12-20,421354,1,12
2020-12-19,440992,7,12
2020-12-18,459992,6,12
2020-12-17,456506,5,12
2020-12-16,462739,4,12
2020-12-15,433832,3,12
2020-12-14,421772,2,12
2020-12-13,370036,1,12
2020-12-12,384119,7,12
2020-12-11,405539,6,12
2020-12-10,417418,5,12
2020-12-09,437546,4,12
2020-12-08,439286,3,12
2020-12-07,427538,2,12
2020-12-06,393226,1,12
2020-12-05,388790,7,12
2020-12-04,400374,6,12
2020-12-03,405187,5,12
2020-12-02,413585,4,12
2020-12-01,391636,3,12
2020-11-30,397672,2,11
2020-11-29,357775,1,11
2020-11-28,356781,7,11
2020-11-27,353285,6,11
2020-11-26,354877,5,11
2020-11-25,392693,4,11
2020-11-24,396220,3,11
2020-11-23,390956,2,11
2020-11-22,368526,1,11
2020-11-21,354913,7,11
2020-11-20,377500,6,11
2020-11-19,407893,5,11
2020-11-18,417364,4,11
2020-11-17,401069,3,11
2020-11-16,383362,2,11
2020-11-15,360657,1,11
2020-11-14,359465,7,11
2020-11-13,386797,6,11
2020-11-12,381135,5,11
2020-11-11,378257,4,11
2020-11-10,372050,3,11
2020-11-09,368160,2,11
2020-11-08,336662,1,11
2020-11-07,341890,7,11
2020-11-06,367269,6,11
2020-11-05,374554,5,11
2020-11-04,385107,4,11
2020-11-03,398826,3,11
2020-11-02,404530,2,11
2020-11-01,383759,1,11
2020-10-31,368979,7,10
2020-10-30,397989,6,10
2020-10-29,390508,5,10
2020-10-28,382536,4,10
2020-10-27,378156,3,10
2020-10-26,382988,2,10
2020-10-25,343680,1,10
2020-10-24,351243,7,10
2020-10-23,380120,6,10
2020-10-22,384146,5,10
2020-10-21,380997,4,10
2020-10-20,378932,3,10
2020-10-19,371610,2,10
2020-10-18,340508,1,10
2020-10-17,341083,7,10
2020-10-16,376725,6,10
2020-10-15,371138,5,10
2020-10-14,364062,4,10
2020-10-13,372711,3,10
2020-10-12,366810,2,10
2020-10-11,337765,1,10
2020-10-10,346165,7,10
2020-10-09,360226,6,10
2020-10-08,360432,5,10
2020-10-07,373802,4,10
2020-10-06,369584,3,10
2020-10-05,369120,2,10
2020-10-04,337140,1,10
2020-10-03,338230,7,10
2020-10-02,369260,6,10
2020-10-01,377009,5,10
2020-09-30,390493,4,9
2020-09-29,422852,3,9
2020-09-28,435307,2,9
2020-09-27,394631,1,9
2020-09-26,374133,7,9
2020-09-25,395374,6,9
2020-09-24,388222,5,9
2020-09-23,378242,4,9
2020-09-22,362793,3,9
2020-09-21,359453,2,9
2020-09-20,326551,1,9
2020-09-19,330142,7,9
2020-09-18,377325,6,9
2020-09-17,396564,5,9
2020-09-16,374388,4,9
2020-09-15,368274,3,9
2020-09-14,409808,2,9
2020-09-13,381824,1,9
2020-09-12,368403,7,9
2020-09-11,442151,6,9
2020-09-10,498260,5,9
2020-09-09,479793,4,9
2020-09-08,472367,3,9
2020-09-07,416752,2,9
2020-09-06,395508,1,9
2020-09-05,397321,7,9
2020-09-04,474323,6,9
2020-09-03,488441,5,9
2020-09-02,479008,4,9
2020-09-01,450704,3,9
2020-08-31,419440,2,8
2020-08-30,406151,1,8
2020-08-29,467998,7,8
2020-08-28,488871,6,8
2020-08-27,492221,5,8
2020-08-26,445425,4,8
2020-08-25,544676,3,8
2020-08-24,560478,2,8
2020-08-23,494350,1,8
2020-08-22,488545,7,8
2020-08-21,469932,6,8
2020-08-20,430165,5,8
2020-08-19,437148,4,8
2020-08-18,459762,3,8
2020-08-17,452051,2,8
2020-08-16,420784,1,8
2020-08-15,466205,7,8
2020-08-14,524632,6,8
2020-08-13,526121,5,8
2020-08-12,569205,4,8
2020-08-11,586464,3,8
2020-08-10,577610,2,8
2020-08-09,485315,1,8
2020-08-08,459416,7,8
2020-08-07,458152,6,8
2020-08-06,459526,5,8
2020-08-05,476606,4,8
2020-08-04,490292,3,8
2020-08-03,564260,2,8
2020-08-02,532933,1,8
2020-08-01,502101,7,8
2020-07-31,515962,6,7
2020-07-30,564827,5,7
2020-07-29,569606,4,7
2020-07-28,610363,3,7
2020-07-27,606105,2,7
2020-07-26,542869,1,7
2020-07-25,515492,7,7
2020-07-24,524058,6,7
2020-07-23,563358,5,7
2020-07-22,573146,4,7
2020-07-21,569133,3,7
2020-07-20,607949,2,7
2020-07-19,547632,1,7
2020-07-18,510991,7,7
2020-07-17,487883,6,7
2020-07-16,477647,5,7
2020-07-15,500716,4,7
2020-07-14,507747,3,7
2020-07-13,522728,2,7
2020-07-12,490645,1,7
2020-07-11,505563,7,7
2020-07-10,538624,6,7
2020-07-09,568242,5,7
2020-07-08,546111,4,7
2020-07-07,518063,3,7
2020-07-06,534612,2,7
2020-07-05,481033,1,7
2020-07-04,460584,7,7
2020-07-03,506370,6,7
2020-07-02,504550,5,7
2020-07-01,466835,4,7
2020-06-30,462231,3,6
2020-06-29,491415,2,6
2020-06-28,460176,1,6
2020-06-27,435377,7,6
2020-06-26,471196,6,6
2020-06-25,464667,5,6
2020-06-24,493863,4,6
2020-06-23,528120,3,6
2020-06-22,529362,2,6
2020-06-21,467528,1,6
2020-06-20,454682,7,6
2020-06-19,459477,6,6
2020-06-18,437800,5,6
2020-06-17,405260,4,6
2020-06-16,386066,3,6
2020-06-15,373907,2,6
2020-06-14,337827,1,6
2020-06-13,357046,7,6
2020-06-12,428356,6,6
2020-06-11,459278,5,6
2020-06-10,479478,4,6
2020-06-09,435300,3,6
2020-06-08,383467,2,6
2020-06-07,356636,1,6
2020-06-06,422362,7,6
2020-06-05,437673,6,6
2020-06-04,421995,5,6
2020-06-03,387358,4,6
2020-06-02,354817,3,6
2020-06-01,342877,2,6
2020-05-31,325062,1,5
2020-05-30,368260,7,5
2020-05-29,415414,6,5
2020-05-28,406851,5,5
2020-05-27,409021,4,5
2020-05-26,392903,3,5
2020-05-25,339453,2,5
2020-05-24,321627,1,5
2020-05-23,342404,7,5
2020-05-22,347239,6,5
2020-05-21,332967,5,5
2020-05-20,331513,4,5
2020-05-19,332387,3,5
2020-05-18,338796,2,5
2020-05-17,314957,1,5
2020-05-16,329775,7,5
2020-05-15,349492,6,5
2020-05-14,337978,5,5
2020-05-13,339307,4,5
2020-05-12,346632,3,5
2020-05-11,349356,2,5
2020-05-10,322396,1,5
2020-05-09,344123,7,5
2020-05-08,346524,6,5
2020-05-07,335328,5,5
2020-05-06,344727,4,5
2020-05-05,332300,3,5
2020-05-04,337291,2,5
2020-05-03,308151,1,5
2020-05-02,310851,7,5
2020-05-01,339664,6,5
2020-04-30,350924,5,4
2020-04-29,345988,4,4
2020-04-28,337534,3,4
2020-04-27,356112,2,4
2020-04-26,335571,1,4
2020-04-25,317807,7,4
2020-04-24,358646,6,4
2020-04-23,361849,5,4
2020-04-22,359643,4,4
2020-04-21,358177,3,4
2020-04-20,339649,2,4
2020-04-19,325658,1,4
2020-04-18,345884,7,4
2020-04-17,356150,6,4
2020-04-16,353853,5,4
2020-04-15,345929,4,4
2020-04-14,340531,3,4
2020-04-13,348042,2,4
2020-04-12,324822,1,4
2020-04-11,333834,7,4
2020-04-10,357981,6,4
2020-04-09,352504,5,4
2020-04-08,338419,4,4
2020-04-07,331020,3,4
2020-04-06,333526,2,4
2020-04-05,321898,1,4
2020-04-04,328054,7,4
2020-04-03,358318,6,4
2020-04-02,351628,5,4
2020-04-01,349971,4,4
2020-03-31,361358,3,3
2020-03-30,361216,2,3
2020-03-29,344658,1,3
2020-03-28,347609,7,3
2020-03-27,339755,6,3
2020-03-26,355344,5,3
2020-03-25,374212,4,3
2020-03-24,371179,3,3
2020-03-23,395706,2,3
2020-03-22,352376,1,3
2020-03-21,343949,7,3
2020-03-20,367884,6,3
2020-03-19,380107,5,3
2020-03-18,376854,4,3
2020-03-17,394858,3,3
2020-03-16,391246,2,3
2020-03-15,353826,1,3
2020-03-14,362292,7,3
2020-03-13,384709,6,3
2020-03-12,394063,5,3
2020-03-11,384731,4,3
2020-03-10,382426,3,3
2020-03-09,376289,2,3
2020-03-08,350689,1,3
2020-03-07,380774,7,3
2020-03-06,408751,6,3
2020-03-05,393813,5,3
2020-03-04,393351,4,3
2020-03-03,391910,3,3
2020-03-02,404208,2,3
2020-03-01,397138,1,3
2020-02-29,414052,7,2
2020-02-28,434930,6,2
2020-02-27,422754,5,2
2020-02-26,410856,4,2
2020-02-25,403968,3,2
2020-02-24,396988,2,2
2020-02-23,376711,1,2
2020-02-22,397737,7,2
2020-02-21,440743,6,2
2020-02-20,438932,5,2
2020-02-19,416059,4,2
2020-02-18,428817,3,2
2020-02-17,406172,2,2
2020-02-16,402422,1,2
2020-02-15,436670,7,2
2020-02-14,441719,6,2
2020-02-13,428721,5,2
2020-02-12,415697,4,2
2020-02-11,419608,3,2
2020-02-10,425057,2,2
2020-02-09,407441,1,2
2020-02-08,415093,7,2
2020-02-07,431139,6,2
2020-02-06,433669,5,2
2020-02-05,420674,4,2
2020-02-04,415349,3,2
2020-02-03,410942,2,2
2020-02-02,394120,1,2
2020-02-01,402350,7,2
2020-01-31,434227,6,1
2020-01-30,443703,5,1
2020-01-29,432528,4,1
2020-01-28,427454,3,1
2020-01-27,423957,2,1
2020-01-26,389926,1,1
2020-01-25,402991,7,1
2020-01-24,419874,6,1
2020-01-23,439472,5,1
2020-01-22,450860,4,1
2020-01-21,466474,3,1
2020-01-20,455573,2,1
2020-01-19,412874,1,1
2020-01-18,449093,7,1
2020-01-17,457882,6,1
2020-01-16,424414,5,1
2020-01-15,408105,4,1
2020-01-14,418257,3,1
2020-01-13,419733,2,1
2020-01-12,366821,1,1
2020-01-11,374525,7,1
2020-01-10,430162,6,1
2020-01-09,457121,5,1
2020-01-08,441775,4,1
2020-01-07,432730,3,1
2020-01-06,432354,2,1
2020-01-05,396540,1,1
2020-01-04,389879,7,1
2020-01-03,411481,6,1
2020-01-02,416985,5,1
2020-01-01,395316,4,1
